auditid;HoldHeatSetpoint;HoldCoolSetpoint;NonProgrammableHeatSetpoint;NonProgrammableCoolSetpoint;SystemSwitchSetting;FanMode;ScheduleOnOff;HoldMode;ContinuousBacklight;Degrees;TempOffset;HumidityOffset;LocalHumidityDisplayEnabled;OutdoorTempDisplayEnabled;LocalTimeDisplayEnabled;HeatCycleRate;CoolCycleRate;AuxCycleRate;FastSecondStageHeat;FastSecondStageCool;FastSecondStageAux;ComfortRecovery;Id;Updated
1106;255;255;62;74;heat;on;1;0;1;F;0;0;1;0;1;0;1;1;1;1;1;1;1106;2014-11-29 07:00:05
2693;255;255;65;70;off;on;0;0;0;F;0;0;1;0;1;1;1;1;1;1;1;0;2693;2014-12-04 22:27:55
2764;255;255;68;78;heat;on;1;0;0;F;0;0;1;0;1;0;0;1;1;1;1;0;2764;2014-12-03 23:34:35
5862;255;255;68;71;auto cool;auto;0;0;0;F;0;0;0;0;1;1;1;1;1;1;1;0;5862;2014-12-03 15:09:50
6983;255;255;62;82;cool;on;0;0;0;F;0;0;0;0;1;1;1;1;1;1;1;0;6983;2014-10-14 01:07:49
13265;255;255;73;74;heat;on;0;0;0;F;0;0;1;0;1;1;1;1;1;1;1;0;13265;2014-12-05 11:24:43
15320;255;255;70;85;heat;on;1;0;0;F;0;0;0;0;1;1;1;1;1;1;1;0;15320;2014-11-26 06:19:01
16188;255;255;69;61;heat;on;1;0;0;F;0;0;0;0;1;1;1;1;1;1;1;0;16188;2014-12-03 18:26:05
16390;255;255;61;74;cool;on;0;0;0;F;0;0;1;0;1;1;1;1;1;1;1;0;16390;2014-12-05 10:19:15
17547;255;255;68;65;heat;on;1;0;0;F;0;0;1;0;1;1;1;1;1;1;1;0;17547;2014-11-09 17:24:32
3694186;62;74;70;73;cool;on;1;1;0;F;0;0;1;0;1;1;1;1;1;1;1;0;2693;2014-10-04 23:17:36
3694729;255;255;64;72;cool;on;0;0;0;F;0;0;0;0;1;1;1;1;1;1;1;0;5862;2014-10-04 21:21:35
3694734;255;255;64;72;heat;on;0;0;0;F;0;0;0;0;1;1;1;1;1;1;1;0;5862;2014-10-05 06:32:16
3695364;255;255;68;72;heat;on;0;0;0;F;0;0;0;0;1;1;1;1;1;1;1;0;5862;2014-10-05 06:32:29
3695553;255;255;68;72;auto cool;on;0;0;0;F;0;0;0;0;1;1;1;1;1;1;1;0;5862;2014-10-05 07:14:24
3695615;255;255;67;72;auto cool;on;0;0;0;F;0;0;0;0;1;1;1;1;1;1;1;0;5862;2014-10-05 07:22:16
3695736;255;255;66;72;auto cool;on;0;0;0;F;0;0;0;0;1;1;1;1;1;1;1;0;5862;2014-10-05 07:25:24
3695902;255;255;67;72;auto cool;on;0;0;0;F;0;0;0;0;1;1;1;1;1;1;1;0;5862;2014-10-05 07:30:10
3696192;255;255;66;72;auto cool;on;0;0;0;F;0;0;0;0;1;1;1;1;1;1;1;0;5862;2014-10-05 07:39:52
3696409;255;255;73;74;off;on;1;0;0;F;0;0;1;0;1;1;1;1;1;1;1;0;13265;2014-10-04 07:33:49
3701908;255;255;64;72;auto cool;on;0;0;0;F;0;0;0;0;1;1;1;1;1;1;1;0;5862;2014-10-05 07:55:17
3702584;255;255;62;83;cool;on;0;0;0;F;0;0;0;0;1;1;1;1;1;1;1;0;6983;2014-10-04 23:15:42
3702989;255;255;65;72;auto cool;on;0;0;0;F;0;0;0;0;1;1;1;1;1;1;1;0;5862;2014-10-05 16:12:38
3703584;255;255;74;78;cool;on;0;0;0;F;0;0;0;0;1;1;0;1;1;1;1;0;2764;2014-10-04 23:39:44
3704011;255;255;70;73;cool;on;1;0;0;F;0;0;1;0;1;1;1;1;1;1;1;0;2693;2014-10-05 06:00:05
3705351;255;255;74;74;cool;on;0;0;0;F;0;0;0;0;1;1;0;1;1;1;1;0;2764;2014-10-05 18:32:29
3706217;255;255;70;73;off;on;1;0;0;F;0;0;1;0;1;1;1;1;1;1;1;0;2693;2014-10-05 18:57:56
3707545;255;255;62;78;cool;on;0;0;0;F;0;0;0;0;1;1;1;1;1;1;1;0;6983;2014-10-05 17:02:41
3708820;72;73;73;74;heat;on;1;1;0;F;0;0;1;0;1;1;1;1;1;1;1;0;13265;2014-10-05 08:49:24
3710969;67;78;73;74;heat;on;1;1;0;F;0;0;1;0;1;1;1;1;1;1;1;0;13265;2014-10-06 04:55:13
3714176;255;255;73;74;heat;on;1;0;0;F;0;0;1;0;1;1;1;1;1;1;1;0;13265;2014-10-06 06:55:06
3716165;255;255;67;72;auto cool;on;0;0;0;F;0;0;0;0;1;1;1;1;1;1;1;0;5862;2014-10-05 17:37:34
3717254;67;83;73;74;heat;on;1;1;0;F;0;0;1;0;1;1;1;1;1;1;1;0;13265;2014-10-06 10:00:02
3718650;67;75;73;74;heat;on;1;1;0;F;0;0;1;0;1;1;1;1;1;1;1;0;13265;2014-10-06 14:20:53
3721172;255;255;62;82;cool;on;0;0;0;F;0;0;0;0;1;1;1;1;1;1;1;0;6983;2014-10-06 01:33:09
3723434;255;255;74;78;cool;on;0;0;0;F;0;0;0;0;1;1;0;1;1;1;1;0;2764;2014-10-05 23:26:17
3724596;255;255;70;73;cool;on;1;0;0;F;0;0;1;0;1;1;1;1;1;1;1;0;2693;2014-10-05 23:59:26
3726701;70;85;70;73;cool;on;1;1;0;F;0;0;1;0;1;1;1;1;1;1;1;0;2693;2014-10-06 20:57:48
3726710;62;86;70;73;cool;on;1;1;0;F;0;0;1;0;1;1;1;1;1;1;1;0;2693;2014-10-06 22:29:37
3727354;255;255;74;74;cool;on;0;0;0;F;0;0;0;0;1;1;0;1;1;1;1;0;2764;2014-10-06 20:00:32
3727365;255;255;74;73;cool;on;0;0;0;F;0;0;0;0;1;1;0;1;1;1;1;0;2764;2014-10-06 23:07:02
3728556;255;255;62;80;cool;on;0;0;0;F;0;0;0;0;1;1;1;1;1;1;1;0;6983;2014-10-06 18:08:16
3730231;62;78;70;73;cool;on;1;1;0;F;0;0;1;0;1;1;1;1;1;1;1;0;2693;2014-10-06 22:29:55
3735829;255;255;73;74;heat;on;1;0;0;F;0;0;1;0;1;1;1;1;1;1;1;0;13265;2014-10-06 16:00:01
3736476;255;255;66;72;auto cool;on;0;0;0;F;0;0;0;0;1;1;1;1;1;1;1;0;5862;2014-10-06 12:53:02
3736659;255;255;62;82;cool;on;0;0;0;F;0;0;0;0;1;1;1;1;1;1;1;0;6983;2014-10-07 01:02:17
3736660;255;255;62;84;cool;on;0;0;0;F;0;0;0;0;1;1;1;1;1;1;1;0;6983;2014-10-07 14:43:12
3744209;255;255;62;82;cool;on;0;0;0;F;0;0;0;0;1;1;1;1;1;1;1;0;6983;2014-10-07 14:43:16
3747274;255;255;62;79;cool;on;0;0;0;F;0;0;0;0;1;1;1;1;1;1;1;0;6983;2014-10-07 21:12:46
3754928;255;255;73;74;off;on;1;0;0;F;0;0;1;0;1;1;1;1;1;1;1;0;13265;2014-10-07 13:26:14
3757187;66;71;73;74;cool;on;1;1;0;F;0;0;1;0;1;1;1;1;1;1;1;0;13265;2014-10-08 13:09:00
3759726;255;255;74;78;cool;on;0;0;0;F;0;0;0;0;1;1;0;1;1;1;1;0;2764;2014-10-06 23:07:34
3760664;255;255;73;74;cool;on;1;0;0;F;0;0;1;0;1;1;1;1;1;1;1;0;13265;2014-10-08 15:59:59
3760666;66;72;73;74;cool;on;1;1;0;F;0;0;1;0;1;1;1;1;1;1;1;0;13265;2014-10-08 18:50:29
3762422;66;71;73;74;cool;on;1;1;0;F;0;0;1;0;1;1;1;1;1;1;1;0;13265;2014-10-08 18:50:31
3762430;66;71;73;74;heat;on;1;1;0;F;0;0;1;0;1;1;1;1;1;1;1;0;13265;2014-10-08 20:13:04
3763774;255;255;74;74;cool;on;0;0;0;F;0;0;0;0;1;1;0;1;1;1;1;0;2764;2014-10-08 18:04:36
3764172;255;255;62;83;cool;on;0;0;0;F;0;0;0;0;1;1;1;1;1;1;1;0;6983;2014-10-08 00:11:00
3764441;255;255;74;72;cool;on;0;0;0;F;0;0;0;0;1;1;0;1;1;1;1;0;2764;2014-10-08 21:08:23
3765935;255;255;67;72;auto cool;on;0;0;0;F;0;0;0;0;1;1;1;1;1;1;1;0;5862;2014-10-07 14:28:16
3771539;255;255;73;74;heat;on;1;0;0;F;0;0;1;0;1;1;1;1;1;1;1;0;13265;2014-10-08 20:13:13
3771552;69;83;73;74;heat;on;1;1;0;F;0;0;1;0;1;1;1;1;1;1;1;0;13265;2014-10-09 08:30:35
3773102;70;83;73;74;heat;on;1;1;0;F;0;0;1;0;1;1;1;1;1;1;1;0;13265;2014-10-09 08:31:04
3774208;255;255;73;74;heat;on;1;0;0;F;0;0;1;0;1;1;1;1;1;1;1;0;13265;2014-10-09 10:29:56
3775791;255;255;73;74;off;on;1;0;0;F;0;0;1;0;1;1;1;1;1;1;1;0;13265;2014-10-09 12:11:37
3775798;255;255;73;74;cool;on;1;0;0;F;0;0;1;0;1;1;1;1;1;1;1;0;13265;2014-10-09 14:38:30
3776275;66;73;73;74;cool;on;1;1;0;F;0;0;1;0;1;1;1;1;1;1;1;0;13265;2014-10-09 14:39:22
3778444;66;72;73;74;cool;on;1;1;0;F;0;0;1;0;1;1;1;1;1;1;1;0;13265;2014-10-09 15:14:37
3779615;255;255;73;74;cool;on;1;0;0;F;0;0;1;0;1;1;1;1;1;1;1;0;13265;2014-10-09 17:13:56
3781922;66;73;73;74;cool;on;1;1;0;F;0;0;1;0;1;1;1;1;1;1;1;0;13265;2014-10-09 18:20:36
3786359;255;255;62;79;cool;on;0;0;0;F;0;0;0;0;1;1;1;1;1;1;1;0;6983;2014-10-08 21:25:41
3788692;255;255;70;73;cool;on;1;0;0;F;0;0;1;0;1;1;1;1;1;1;1;0;2693;2014-10-07 06:02:02
3788697;70;79;70;73;cool;on;1;1;0;F;0;0;1;0;1;1;1;1;1;1;1;0;2693;2014-10-10 06:39:59
3788920;255;255;73;74;heat;on;1;0;0;F;0;0;1;0;1;1;1;1;1;1;1;0;13265;2014-10-09 20:18:03
3790907;68;75;73;74;heat;on;1;1;0;F;0;0;1;0;1;1;1;1;1;1;1;0;13265;2014-10-10 06:54:46
3796620;255;255;73;74;heat;on;1;0;0;F;0;0;1;0;1;1;1;1;1;1;1;0;13265;2014-10-10 08:56:09
3796621;255;255;73;74;cool;on;1;0;0;F;0;0;1;0;1;1;1;1;1;1;1;0;13265;2014-10-10 16:08:34
3800541;66;72;73;74;cool;on;1;1;0;F;0;0;1;0;1;1;1;1;1;1;1;0;13265;2014-10-10 16:08:51
3800555;66;72;73;74;heat;on;1;1;0;F;0;0;1;0;1;1;1;1;1;1;1;0;13265;2014-10-10 19:14:55
3801384;255;255;70;73;off;on;1;0;0;F;0;0;1;0;1;1;1;1;1;1;1;0;2693;2014-10-10 06:40:15
3801486;255;255;70;73;cool;on;1;0;0;F;0;0;1;0;1;1;1;1;1;1;1;0;2693;2014-10-10 20:01:15
3802880;73;73;70;73;auto heat;on;1;1;0;F;0;0;1;0;1;1;1;1;1;1;1;0;2693;2014-10-10 20:06:07
3808014;68;75;73;74;heat;on;1;1;0;F;0;0;1;0;1;1;1;1;1;1;1;0;13265;2014-10-10 19:15:47
3809815;70;75;73;74;heat;on;1;1;0;F;0;0;1;0;1;1;1;1;1;1;1;0;13265;2014-10-11 06:06:47
3813594;255;255;73;74;heat;on;1;0;0;F;0;0;1;0;1;1;1;1;1;1;1;0;13265;2014-10-11 08:06:50
3816630;255;255;66;74;heat;on;0;0;0;F;0;0;1;0;1;1;1;1;1;1;1;0;13265;2014-10-11 11:38:07
3816661;255;255;62;82;cool;on;0;0;0;F;0;0;0;0;1;1;1;1;1;1;1;0;6983;2014-10-10 00:51:28
3817542;255;255;70;73;cool;on;1;0;0;F;0;0;1;0;1;1;1;1;1;1;1;0;2693;2014-10-10 21:12:39
3819748;62;79;70;73;cool;on;1;1;0;F;0;0;1;0;1;1;1;1;1;1;1;0;2693;2014-10-11 16:00:10
3821188;255;255;67;73;auto cool;on;0;0;0;F;0;0;0;0;1;1;1;1;1;1;1;0;5862;2014-10-08 22:53:44
3821194;255;255;68;73;auto cool;on;0;0;0;F;0;0;0;0;1;1;1;1;1;1;1;0;5862;2014-10-11 19:22:15
3821746;255;255;70;73;cool;on;1;0;0;F;0;0;1;0;1;1;1;1;1;1;1;0;2693;2014-10-11 17:59:50
3821748;70;78;70;73;cool;on;1;1;0;F;0;0;1;0;1;1;1;1;1;1;1;0;2693;2014-10-11 19:55:37
3823176;70;79;70;73;cool;on;1;1;0;F;0;0;1;0;1;1;1;1;1;1;1;0;2693;2014-10-11 19:55:47
3823205;70;77;70;73;cool;on;1;1;0;F;0;0;1;0;1;1;1;1;1;1;1;0;2693;2014-10-11 21:09:19
3823746;255;255;66;72;cool;on;0;0;0;F;0;0;1;0;1;1;1;1;1;1;1;0;13265;2014-10-11 14:59:12
3823858;255;255;68;74;auto cool;on;0;0;0;F;0;0;0;0;1;1;1;1;1;1;1;0;5862;2014-10-11 19:22:28
3825645;70;80;70;73;cool;on;1;1;0;F;0;0;1;0;1;1;1;1;1;1;1;0;2693;2014-10-11 21:10:44
3825658;62;78;70;73;cool;on;1;1;0;F;0;0;1;0;1;1;1;1;1;1;1;0;2693;2014-10-11 23:02:40
3827210;255;255;62;78;cool;on;0;0;0;F;0;0;0;0;1;1;1;1;1;1;1;0;6983;2014-10-11 15:00:56
3829132;62;73;70;73;cool;on;1;1;0;F;0;0;1;0;1;1;1;1;1;1;1;0;2693;2014-10-11 23:03:24
3830096;255;255;68;73;auto cool;on;0;0;0;F;0;0;0;0;1;1;1;1;1;1;1;0;5862;2014-10-11 21:44:50
3830328;255;255;68;72;auto cool;on;0;0;0;F;0;0;0;0;1;1;1;1;1;1;1;0;5862;2014-10-12 07:25:58
3830354;255;255;68;71;auto cool;on;0;0;0;F;0;0;0;0;1;1;1;1;1;1;1;0;5862;2014-10-12 07:39:11
3831745;255;255;70;73;cool;on;1;0;0;F;0;0;1;0;1;1;1;1;1;1;1;0;2693;2014-10-12 06:07:04
3832122;255;255;67;71;auto cool;on;0;0;0;F;0;0;0;0;1;1;1;1;1;1;1;0;5862;2014-10-12 07:40:39
3837847;255;255;67;72;auto cool;on;0;0;0;F;0;0;0;0;1;1;1;1;1;1;1;0;5862;2014-10-12 09:15:18
3838135;255;255;67;70;auto cool;on;0;0;0;F;0;0;0;0;1;1;1;1;1;1;1;0;5862;2014-10-12 15:28:53
3839366;255;255;70;73;off;on;1;0;0;F;0;0;1;0;1;1;1;1;1;1;1;0;2693;2014-10-12 08:55:40
3840883;255;255;62;81;cool;on;0;0;0;F;0;0;0;0;1;1;1;1;1;1;1;0;6983;2014-10-12 01:00:00
3842638;255;255;70;73;off;auto;1;0;0;F;0;0;1;0;1;1;1;1;1;1;1;0;2693;2014-10-12 16:50:55
3842768;255;255;70;73;cool;auto;1;0;0;F;0;0;1;0;1;1;1;1;1;1;1;0;2693;2014-10-12 19:33:35
3845107;70;75;70;73;cool;on;1;1;0;F;0;0;1;0;1;1;1;1;1;1;1;0;2693;2014-10-12 19:40:09
3845230;255;255;70;73;cool;on;1;0;0;F;0;0;1;0;1;1;1;1;1;1;1;0;2693;2014-10-12 21:33:10
3846006;255;255;67;71;auto cool;on;0;0;0;F;0;0;0;0;1;1;1;1;1;1;1;0;5862;2014-10-12 15:45:52
3846018;255;255;68;71;auto cool;on;0;0;0;F;0;0;0;0;1;1;1;1;1;1;1;0;5862;2014-10-12 22:13:02
3848200;255;255;62;78;cool;on;0;0;0;F;0;0;0;0;1;1;1;1;1;1;1;0;6983;2014-10-12 18:05:46
3849921;70;73;70;73;cool;on;1;1;0;F;0;0;1;0;1;1;1;1;1;1;1;0;2693;2014-10-12 21:40:23
3851921;255;255;69;72;heat;on;0;0;0;F;0;0;1;0;1;1;1;1;1;1;1;0;13265;2014-10-11 21:40:07
3856870;255;255;69;72;off;on;0;0;0;F;0;0;1;0;1;1;1;1;1;1;1;0;13265;2014-10-13 08:00:59
3860557;255;255;70;73;cool;on;1;0;0;F;0;0;1;0;1;1;1;1;1;1;1;0;2693;2014-10-13 06:00:25
3861360;70;79;70;73;cool;on;1;1;0;F;0;0;1;0;1;1;1;1;1;1;1;0;2693;2014-10-13 17:19:00
3861946;255;255;62;74;heat;on;1;0;1;F;0;0;1;0;1;0;1;1;1;1;1;1;1106;2014-10-04 07:00:04
3863676;255;255;69;72;cool;on;0;0;0;F;0;0;1;0;1;1;1;1;1;1;1;0;13265;2014-10-13 13:51:15
3863759;70;82;70;73;cool;on;1;1;0;F;0;0;1;0;1;1;1;1;1;1;1;0;2693;2014-10-13 18:00:45
3865267;255;255;70;73;cool;on;1;0;0;F;0;0;1;0;1;1;1;1;1;1;1;0;2693;2014-10-13 20:00:02
3866909;255;255;62;74;cool;on;1;0;1;F;0;0;1;0;1;0;1;1;1;1;1;1;1106;2014-10-13 18:29:50
3867910;255;255;62;82;cool;on;0;0;0;F;0;0;0;0;1;1;1;1;1;1;1;0;6983;2014-10-13 01:03:50
3867925;255;255;62;78;cool;on;0;0;0;F;0;0;0;0;1;1;1;1;1;1;1;0;6983;2014-10-13 23:26:49
3868907;255;255;62;80;cool;on;0;0;0;F;0;0;0;0;1;1;1;1;1;1;1;0;6983;2014-10-13 23:27:26
3875716;255;255;74;78;cool;on;0;0;0;F;0;0;0;0;1;1;0;1;1;1;1;0;2764;2014-10-08 21:39:26
3899934;255;255;70;73;off;on;1;0;0;F;0;0;1;0;1;1;1;1;1;1;1;0;2693;2014-10-13 21:09:19
3904844;255;255;70;73;cool;on;1;0;0;F;0;0;1;0;1;1;1;1;1;1;1;0;2693;2014-10-15 21:27:10
3915967;255;255;70;73;off;on;1;0;0;F;0;0;1;0;1;1;1;1;1;1;1;0;2693;2014-10-16 06:22:53
3922673;255;255;70;73;cool;on;1;0;0;F;0;0;1;0;1;1;1;1;1;1;1;0;2693;2014-10-16 19:38:41
3931870;255;255;67;73;auto cool;on;0;0;0;F;0;0;0;0;1;1;1;1;1;1;1;0;5862;2014-10-12 22:13:31
3931926;255;255;66;70;auto cool;on;0;0;0;F;0;0;0;0;1;1;1;1;1;1;1;0;5862;2014-10-17 17:18:55
3932011;255;255;66;69;auto cool;on;0;0;0;F;0;0;0;0;1;1;1;1;1;1;1;0;5862;2014-10-17 17:22:55
3933243;255;255;65;69;auto cool;on;0;0;0;F;0;0;0;0;1;1;1;1;1;1;1;0;5862;2014-10-17 17:26:40
3934946;255;255;65;70;auto cool;on;0;0;0;F;0;0;0;0;1;1;1;1;1;1;1;0;5862;2014-10-17 18:35:10
3937176;255;255;70;73;off;on;1;0;0;F;0;0;1;0;1;1;1;1;1;1;1;0;2693;2014-10-17 06:21:11
3941619;255;255;69;74;cool;on;0;0;0;F;0;0;1;0;1;1;1;1;1;1;1;0;13265;2014-10-13 19:56:59
3941681;255;255;70;73;cool;on;1;0;0;F;0;0;1;0;1;1;1;1;1;1;1;0;2693;2014-10-17 22:16:12
3953743;255;255;65;72;auto cool;on;0;0;0;F;0;0;0;0;1;1;1;1;1;1;1;0;5862;2014-10-17 20:15:54
3953747;255;255;65;70;auto cool;on;0;0;0;F;0;0;0;0;1;1;1;1;1;1;1;0;5862;2014-10-18 19:42:08
3953764;255;255;65;71;auto cool;on;0;0;0;F;0;0;0;0;1;1;1;1;1;1;1;0;5862;2014-10-18 19:42:11
3961439;255;255;68;71;auto cool;on;0;0;0;F;0;0;0;0;1;1;1;1;1;1;1;0;5862;2014-10-18 19:43:11
3961473;255;255;69;73;auto cool;on;0;0;0;F;0;0;0;0;1;1;1;1;1;1;1;0;5862;2014-10-19 06:40:10
3961500;255;255;62;74;heat;on;1;0;1;F;0;0;1;0;1;0;1;1;1;1;1;1;1106;2014-10-13 22:25:45
3962319;255;255;70;73;auto cool;on;0;0;0;F;0;0;0;0;1;1;1;1;1;1;1;0;5862;2014-10-19 06:42:12
3962399;255;255;69;73;auto cool;on;0;0;0;F;0;0;0;0;1;1;1;1;1;1;1;0;5862;2014-10-19 07:32:54
3962800;255;255;67;71;auto cool;on;0;0;0;F;0;0;0;0;1;1;1;1;1;1;1;0;5862;2014-10-19 07:37:04
3963702;67;74;62;74;heat;on;1;1;1;F;0;0;1;0;1;0;1;1;1;1;1;1;1106;2014-10-19 06:43:58
3965289;255;255;67;71;auto cool;auto;0;0;0;F;0;0;0;0;1;1;1;1;1;1;1;0;5862;2014-10-19 07:57:57
3976203;255;255;70;73;off;on;1;0;0;F;0;0;1;0;1;1;1;1;1;1;1;0;2693;2014-10-18 07:33:45
3981917;255;255;70;73;cool;on;1;0;0;F;0;0;1;0;1;1;1;1;1;1;1;0;2693;2014-10-19 21:20:26
3983664;255;255;67;73;auto cool;on;0;0;0;F;0;0;0;0;1;1;1;1;1;1;1;0;5862;2014-10-19 09:58:56
3986172;255;255;70;74;heat;on;0;0;0;F;0;0;1;0;1;1;1;1;1;1;1;0;13265;2014-10-18 07:30:18
3990200;255;255;70;73;off;on;1;0;0;F;0;0;1;0;1;1;1;1;1;1;1;0;2693;2014-10-20 06:47:54
3999206;255;255;70;74;cool;on;0;0;0;F;0;0;1;0;1;1;1;1;1;1;1;0;13265;2014-10-20 15:05:19
4008492;255;255;70;73;cool;on;1;0;0;F;0;0;1;0;1;1;1;1;1;1;1;0;2693;2014-10-20 18:15:52
4012966;255;255;70;73;off;on;1;0;0;F;0;0;1;0;1;1;1;1;1;1;1;0;2693;2014-10-21 18:11:30
4018044;255;255;70;73;cool;on;1;0;0;F;0;0;1;0;1;1;1;1;1;1;1;0;2693;2014-10-21 21:47:09
4023424;255;255;64;85;heat;on;0;0;0;F;0;0;0;0;1;1;1;1;1;1;1;0;15320;2014-10-22 12:29:35
4023457;255;255;64;85;heat;on;0;0;0;F;0;0;0;0;1;1;1;1;1;1;1;0;15320;2014-10-22 12:31:56
4032067;255;255;70;73;off;on;1;0;0;F;0;0;1;0;1;1;1;1;1;1;1;0;2693;2014-10-22 06:24:10
4035114;255;255;68;73;auto cool;on;0;0;0;F;0;0;0;0;1;1;1;1;1;1;1;0;5862;2014-10-20 08:26:41
4039736;255;255;70;73;cool;on;1;0;0;F;0;0;1;0;1;1;1;1;1;1;1;0;2693;2014-10-22 20:31:56
4045289;255;255;70;74;heat;on;0;0;0;F;0;0;1;0;1;1;1;1;1;1;1;0;13265;2014-10-21 06:53:40
4052894;255;255;70;73;off;on;1;0;0;F;0;0;1;0;1;1;1;1;1;1;1;0;2693;2014-10-23 06:50:58
4059358;255;255;70;73;cool;on;1;0;0;F;0;0;1;0;1;1;1;1;1;1;1;0;2693;2014-10-23 20:10:03
4060895;255;255;70;72;cool;on;0;0;0;F;0;0;1;0;1;1;1;1;1;1;1;0;13265;2014-10-23 12:45:21
4062410;255;255;70;72;heat;on;0;0;0;F;0;0;1;0;1;1;1;1;1;1;1;0;13265;2014-10-24 12:38:51
4066447;255;255;70;73;off;on;1;0;0;F;0;0;1;0;1;1;1;1;1;1;1;0;2693;2014-10-24 11:18:49
4068873;255;255;70;75;cool;on;0;0;0;F;0;0;1;0;1;1;1;1;1;1;1;0;13265;2014-10-24 15:23:13
4069125;255;255;70;73;cool;on;1;0;0;F;0;0;1;0;1;1;1;1;1;1;1;0;2693;2014-10-24 23:01:57
4074558;255;255;65;85;heat;on;0;0;0;F;0;0;0;0;1;1;1;1;1;1;1;0;15320;2014-10-22 12:33:55
4074591;255;255;70;85;heat;on;0;0;0;F;0;0;0;0;1;1;1;1;1;1;1;0;15320;2014-10-25 15:13:37
4076420;255;255;67;73;auto cool;on;0;0;0;F;0;0;0;0;1;1;1;1;1;1;1;0;5862;2014-10-22 22:43:47
4079638;255;255;70;85;heat;auto;0;0;0;F;0;0;0;0;1;1;1;1;1;1;1;0;15320;2014-10-25 15:16:00
4079664;255;255;70;85;heat;on;0;0;0;F;0;0;0;0;1;1;1;1;1;1;1;0;15320;2014-10-25 19:41:34
4084514;255;255;70;73;off;on;1;0;0;F;0;0;1;0;1;1;1;1;1;1;1;0;2693;2014-10-25 11:12:46
4087457;255;255;66;71;auto cool;on;0;0;0;F;0;0;0;0;1;1;1;1;1;1;1;0;5862;2014-10-25 16:51:25
4094499;255;255;70;73;cool;on;1;0;0;F;0;0;1;0;1;1;1;1;1;1;1;0;2693;2014-10-25 23:55:04
4097073;62;74;70;73;cool;on;1;1;0;F;0;0;1;0;1;1;1;1;1;1;1;0;2693;2014-10-26 16:53:37
4098315;255;255;70;73;cool;on;1;0;0;F;0;0;1;0;1;1;1;1;1;1;1;0;2693;2014-10-26 18:55:00
4100814;70;75;70;73;cool;on;1;1;0;F;0;0;1;0;1;1;1;1;1;1;1;0;2693;2014-10-26 19:50:44
4104773;255;255;70;73;cool;on;1;0;0;F;0;0;1;0;1;1;1;1;1;1;1;0;2693;2014-10-26 21:50:05
4108377;255;255;70;74;cool;on;0;0;0;F;0;0;1;0;1;1;1;1;1;1;1;0;13265;2014-10-25 11:12:25
4111021;255;255;70;74;heat;on;0;0;0;F;0;0;1;0;1;1;1;1;1;1;1;0;13265;2014-10-27 09:37:57
4114422;255;255;70;73;off;on;1;0;0;F;0;0;1;0;1;1;1;1;1;1;1;0;2693;2014-10-27 06:14:16
4115148;255;255;70;74;cool;on;0;0;0;F;0;0;1;0;1;1;1;1;1;1;1;0;13265;2014-10-27 13:59:28
4125200;255;255;70;73;cool;on;1;0;0;F;0;0;1;0;1;1;1;1;1;1;1;0;2693;2014-10-27 18:06:06
4127272;255;255;62;74;heat;on;1;0;1;F;0;0;1;0;1;0;1;1;1;1;1;1;1106;2014-10-19 08:43:07
4129354;255;255;70;73;off;on;1;0;0;F;0;0;1;0;1;1;1;1;1;1;1;0;2693;2014-10-28 09:35:02
4131427;255;255;70;73;cool;on;1;0;0;F;0;0;1;0;1;1;1;1;1;1;1;0;2693;2014-10-28 16:38:38
4133311;255;255;62;74;off;on;1;0;1;F;0;0;1;0;1;0;1;1;1;1;1;1;1106;2014-10-28 13:03:11
4134227;255;255;62;74;heat;on;1;0;1;F;0;0;1;0;1;0;1;1;1;1;1;1;1106;2014-10-28 21:44:08
4134880;70;77;70;73;cool;on;1;1;0;F;0;0;1;0;1;1;1;1;1;1;1;0;2693;2014-10-28 18:53:07
4135054;255;255;70;74;heat;on;0;0;0;F;0;0;1;0;1;1;1;1;1;1;1;0;13265;2014-10-27 18:46:27
4137504;67;73;62;74;heat;on;1;1;1;F;0;0;1;0;1;0;1;1;1;1;1;1;1106;2014-10-28 23:09:19
4137635;255;255;70;74;off;on;0;0;0;F;0;0;1;0;1;1;1;1;1;1;1;0;13265;2014-10-29 00:43:52
4139378;255;255;70;73;cool;on;1;0;0;F;0;0;1;0;1;1;1;1;1;1;1;0;2693;2014-10-29 00:21:49
4144636;255;255;66;69;auto cool;on;0;0;0;F;0;0;0;0;1;1;1;1;1;1;1;0;5862;2014-10-26 08:59:56
4145993;255;255;67;69;auto cool;on;0;0;0;F;0;0;0;0;1;1;1;1;1;1;1;0;5862;2014-10-29 15:14:40
4150480;255;255;70;73;off;on;1;0;0;F;0;0;1;0;1;1;1;1;1;1;1;0;2693;2014-10-29 07:41:22
4150487;255;255;70;73;heat;on;1;0;0;F;0;0;1;0;1;1;1;1;1;1;1;0;2693;2014-10-29 20:25:56
4154758;255;255;62;74;heat;on;1;0;1;F;0;0;1;0;1;0;1;1;1;1;1;1;1106;2014-10-29 06:00:07
4155940;68;73;62;74;heat;on;1;1;1;F;0;0;1;0;1;0;1;1;1;1;1;1;1106;2014-10-30 00:16:36
4156224;255;255;70;73;cool;on;1;0;0;F;0;0;1;0;1;1;1;1;1;1;1;0;2693;2014-10-29 20:26:13
4161865;255;255;62;85;heat;on;0;0;0;F;0;0;0;0;1;1;1;1;1;1;1;0;16188;2014-10-30 10:42:14
4161871;255;255;62;85;heat;on;0;0;0;F;0;0;0;0;1;1;1;1;1;1;1;0;16188;2014-10-30 10:46:18
4161875;255;255;63;85;heat;on;0;0;0;F;0;0;0;0;1;1;1;1;1;1;1;0;16188;2014-10-30 10:46:37
4164712;255;255;65;85;heat;on;0;0;0;F;0;0;0;0;1;1;1;1;1;1;1;0;16188;2014-10-30 10:46:48
4164723;255;255;65;83;off;on;0;0;0;F;0;0;0;0;1;1;1;1;1;1;1;0;16188;2014-10-30 14:36:50
4164731;255;255;65;83;heat;on;0;0;0;F;0;0;0;0;1;1;1;1;1;1;1;0;16188;2014-10-30 14:37:30
4164787;255;255;65;83;off;on;0;0;0;F;0;0;0;0;1;1;1;1;1;1;1;0;16188;2014-10-30 14:37:50
4164980;255;255;65;83;heat;on;0;0;0;F;0;0;0;0;1;1;1;1;1;1;1;0;16188;2014-10-30 14:41:36
4164982;255;255;65;83;cool;on;0;0;0;F;0;0;0;0;1;1;1;1;1;1;1;0;16188;2014-10-30 14:55:51
4165156;255;255;65;65;cool;on;0;0;0;F;0;0;0;0;1;1;1;1;1;1;1;0;16188;2014-10-30 14:55:58
4165311;255;255;65;65;off;on;0;0;0;F;0;0;0;0;1;1;1;1;1;1;1;0;16188;2014-10-30 15:08:18
4166257;255;255;65;61;cool;on;0;0;0;F;0;0;0;0;1;1;1;1;1;1;1;0;16188;2014-10-30 15:18:46
4166268;255;255;65;61;off;on;0;0;0;F;0;0;0;0;1;1;1;1;1;1;1;0;16188;2014-10-30 16:02:56
4166311;255;255;70;61;heat;on;0;0;0;F;0;0;0;0;1;1;1;1;1;1;1;0;16188;2014-10-30 16:03:08
4166803;255;255;69;61;off;on;0;0;0;F;0;0;0;0;1;1;1;1;1;1;1;0;16188;2014-10-30 16:04:52
4167234;255;255;72;61;heat;on;0;0;0;F;0;0;0;0;1;1;1;1;1;1;1;0;16188;2014-10-30 16:29:57
4167937;255;255;72;61;off;on;0;0;0;F;0;0;0;0;1;1;1;1;1;1;1;0;16188;2014-10-30 16:51:51
4168857;255;255;72;61;heat;on;0;0;0;F;0;0;0;0;1;1;1;1;1;1;1;0;16188;2014-10-30 17:14:23
4173658;255;255;70;73;off;on;1;0;0;F;0;0;1;0;1;1;1;1;1;1;1;0;2693;2014-10-30 06:22:25
4175054;255;255;70;61;heat;on;0;0;0;F;0;0;0;0;1;1;1;1;1;1;1;0;16188;2014-10-30 17:55:34
4181057;255;255;70;73;cool;on;1;0;0;F;0;0;1;0;1;1;1;1;1;1;1;0;2693;2014-10-30 21:10:52
4182947;255;255;70;61;heat;on;1;0;0;F;0;0;0;0;1;1;1;1;1;1;1;0;16188;2014-10-30 22:04:51
4192784;62;72;61;78;cool;on;1;1;0;F;0;0;0;0;1;1;1;1;1;1;1;0;16390;2014-10-31 18:16:54
4192801;62;77;61;78;cool;on;1;1;0;F;0;0;0;0;1;1;1;1;1;1;1;0;16390;2014-10-31 18:17:17
4192828;62;75;61;78;cool;on;1;1;0;F;0;0;0;0;1;1;1;1;1;1;1;0;16390;2014-10-31 18:17:49
4192878;62;74;61;78;cool;on;1;1;0;F;0;0;0;0;1;1;1;1;1;1;1;0;16390;2014-10-31 18:18:32
4192977;70;73;61;78;cool;on;1;1;0;F;0;0;0;0;1;1;1;1;1;1;1;0;16390;2014-10-31 18:20:55
4193043;70;72;61;78;cool;on;1;1;0;F;0;0;0;0;1;1;1;1;1;1;1;0;16390;2014-10-31 18:24:01
4193200;255;255;61;78;cool;on;1;0;0;F;0;0;0;0;1;1;1;1;1;1;1;0;16390;2014-10-31 18:26:00
4193216;70;76;61;78;cool;on;1;1;0;F;0;0;0;0;1;1;1;1;1;1;1;0;16390;2014-10-31 18:32:19
4193329;70;75;61;78;cool;on;1;1;0;F;0;0;0;0;1;1;1;1;1;1;1;0;16390;2014-10-31 18:32:49
4193331;255;255;61;75;cool;on;0;0;0;F;0;0;0;0;1;1;1;1;1;1;1;0;16390;2014-10-31 18:36:00
4193342;255;255;61;75;cool;on;1;0;0;F;0;0;0;0;1;1;1;1;1;1;1;0;16390;2014-10-31 18:36:03
4193344;70;74;61;75;cool;on;1;1;0;F;0;0;0;0;1;1;1;1;1;1;1;0;16390;2014-10-31 18:36:23
4194110;70;75;61;75;cool;on;1;1;0;F;0;0;0;0;1;1;1;1;1;1;1;0;16390;2014-10-31 18:36:26
4196197;70;75;61;75;cool;on;1;1;0;F;0;0;1;0;1;1;1;1;1;1;1;0;16390;2014-10-31 19:08:46
4197991;255;255;62;74;heat;on;1;0;1;F;0;0;1;0;1;0;1;1;1;1;1;1;1106;2014-10-30 06:17:12
4198758;255;255;61;75;cool;on;1;0;0;F;0;0;1;0;1;1;1;1;1;1;1;0;16390;2014-10-31 20:36:05
4200751;68;74;62;74;heat;on;1;1;1;F;0;0;1;0;1;0;1;1;1;1;1;1;1106;2014-10-31 21:41:28
4202360;62;75;61;75;cool;on;1;1;0;F;0;0;1;0;1;1;1;1;1;1;1;0;16390;2014-10-31 22:06:10
4204190;62;74;61;75;cool;on;1;1;0;F;0;0;1;0;1;1;1;1;1;1;1;0;16390;2014-11-01 02:23:05
4204869;255;255;70;74;heat;on;0;0;0;F;0;0;1;0;1;1;1;1;1;1;1;0;13265;2014-10-29 06:04:18
4205101;255;255;75;74;heat;on;0;0;0;F;0;0;1;0;1;1;1;1;1;1;1;0;13265;2014-11-01 07:54:13
4207041;255;255;61;75;cool;on;1;0;0;F;0;0;1;0;1;1;1;1;1;1;1;0;16390;2014-11-01 07:14:00
4208567;62;72;61;75;cool;on;1;1;0;F;0;0;1;0;1;1;1;1;1;1;1;0;16390;2014-11-01 09:47:17
4215055;255;255;61;75;cool;on;1;0;0;F;0;0;1;0;1;1;1;1;1;1;1;0;16390;2014-11-01 16:36:44
4216725;70;74;61;75;cool;on;1;1;0;F;0;0;1;0;1;1;1;1;1;1;1;0;16390;2014-11-01 19:26:03
4217534;70;73;61;75;cool;on;1;1;0;F;0;0;1;0;1;1;1;1;1;1;1;0;16390;2014-11-01 20:37:18
4217889;255;255;67;71;auto cool;on;0;0;0;F;0;0;0;0;1;1;1;1;1;1;1;0;5862;2014-10-29 16:37:44
4219547;255;255;62;74;heat;on;1;0;1;F;0;0;1;0;1;0;1;1;1;1;1;1;1106;2014-10-31 23:41:12
4219552;67;73;62;74;heat;on;1;1;1;F;0;0;1;0;1;0;1;1;1;1;1;1;1106;2014-11-01 22:16:03
4220213;255;255;66;71;auto cool;on;0;0;0;F;0;0;0;0;1;1;1;1;1;1;1;0;5862;2014-11-01 21:18:55
4224565;68;73;62;74;heat;on;1;1;1;F;0;0;1;0;1;0;1;1;1;1;1;1;1106;2014-11-01 22:16:06
4227431;255;255;73;74;heat;on;0;0;0;F;0;0;1;0;1;1;1;1;1;1;1;0;13265;2014-11-01 08:06:50
4227592;62;74;61;75;cool;on;1;1;0;F;0;0;1;0;1;1;1;1;1;1;1;0;16390;2014-11-01 21:03:51
4229279;62;77;61;75;cool;on;1;1;0;F;0;0;1;0;1;1;1;1;1;1;1;0;16390;2014-11-02 11:00:36
4231142;70;77;61;75;cool;on;1;1;0;F;0;0;1;0;1;1;1;1;1;1;1;0;16390;2014-11-02 12:37:25
4232491;62;72;61;75;cool;on;1;1;0;F;0;0;1;0;1;1;1;1;1;1;1;0;16390;2014-11-02 15:09:17
4240546;255;255;62;61;heat;on;1;0;0;F;0;0;0;0;1;1;1;1;1;1;1;0;16188;2014-10-31 09:55:04
4243171;255;255;62;74;heat;on;1;0;1;F;0;0;1;0;1;0;1;1;1;1;1;1;1106;2014-11-02 09:27:49
4244759;64;78;62;61;heat;on;1;1;0;F;0;0;0;0;1;1;1;1;1;1;1;0;16188;2014-11-02 22:47:35
4245102;66;73;62;74;heat;on;1;1;1;F;0;0;1;0;1;0;1;1;1;1;1;1;1106;2014-11-03 05:45:18
4245769;70;73;61;75;cool;on;1;1;0;F;0;0;1;0;1;1;1;1;1;1;1;0;16390;2014-11-02 16:46:49
4247380;255;255;62;61;heat;on;1;0;0;F;0;0;0;0;1;1;1;1;1;1;1;0;16188;2014-11-03 06:34:50
4248657;255;255;69;74;heat;on;0;0;0;F;0;0;1;0;1;1;1;1;1;1;1;0;13265;2014-11-02 10:52:59
4249426;255;255;74;78;off;on;0;0;0;F;0;0;0;0;1;1;0;1;1;1;1;0;2764;2014-10-14 12:42:03
4250867;255;255;70;78;heat;on;0;0;0;F;0;0;0;0;1;1;0;1;1;1;1;0;2764;2014-11-03 10:45:43
4250894;255;255;61;75;cool;on;1;0;0;F;0;0;1;0;1;1;1;1;1;1;1;0;16390;2014-11-03 07:19:46
4250915;62;75;61;75;cool;on;1;1;0;F;0;0;1;0;1;1;1;1;1;1;1;0;16390;2014-11-03 13:10:32
4252503;62;73;61;75;cool;on;1;1;0;F;0;0;1;0;1;1;1;1;1;1;1;0;16390;2014-11-03 13:12:10
4253876;69;83;62;61;heat;on;1;1;0;F;0;0;0;0;1;1;1;1;1;1;1;0;16188;2014-11-03 08:36:21
4254342;62;76;61;75;cool;on;1;1;0;F;0;0;1;0;1;1;1;1;1;1;1;0;16390;2014-11-03 15:48:33
4255347;255;255;61;75;cool;on;1;0;0;F;0;0;1;0;1;1;1;1;1;1;1;0;16390;2014-11-03 17:32:14
4256846;255;255;70;73;off;on;1;0;0;F;0;0;1;0;1;1;1;1;1;1;1;0;2693;2014-10-31 07:48:07
4257199;70;76;61;75;cool;on;1;1;0;F;0;0;1;0;1;1;1;1;1;1;1;0;16390;2014-11-03 18:26:53
4264420;70;75;61;75;cool;on;1;1;0;F;0;0;1;0;1;1;1;1;1;1;1;0;16390;2014-11-03 20:19:49
4264533;70;76;61;75;cool;on;1;1;0;F;0;0;1;0;1;1;1;1;1;1;1;0;16390;2014-11-04 06:48:57
4265369;255;255;70;73;cool;on;1;0;0;F;0;0;1;0;1;1;1;1;1;1;1;0;2693;2014-11-03 19:57:02
4266779;70;77;61;75;cool;on;1;1;0;F;0;0;1;0;1;1;1;1;1;1;1;0;16390;2014-11-04 06:55:45
4270480;255;255;61;75;cool;on;1;0;0;F;0;0;1;0;1;1;1;1;1;1;1;0;16390;2014-11-04 08:57:36
4271869;62;77;61;75;cool;on;1;1;0;F;0;0;1;0;1;1;1;1;1;1;1;0;16390;2014-11-04 14:06:33
4272650;255;255;61;75;cool;on;1;0;0;F;0;0;1;0;1;1;1;1;1;1;1;0;16390;2014-11-04 16:00:20
4274011;70;77;61;75;cool;on;1;1;0;F;0;0;1;0;1;1;1;1;1;1;1;0;16390;2014-11-04 16:39:07
4274904;70;75;61;75;cool;on;1;1;0;F;0;0;1;0;1;1;1;1;1;1;1;0;16390;2014-11-04 17:45:17
4277087;70;76;61;75;cool;on;1;1;0;F;0;0;1;0;1;1;1;1;1;1;1;0;16390;2014-11-04 18:30:26
4277579;255;255;70;73;off;on;1;0;0;F;0;0;1;0;1;1;1;1;1;1;1;0;2693;2014-11-04 07:40:32
4280180;70;75;61;75;cool;on;1;1;0;F;0;0;1;0;1;1;1;1;1;1;1;0;16390;2014-11-04 20:28:17
4280524;62;74;61;75;cool;on;1;1;0;F;0;0;1;0;1;1;1;1;1;1;1;0;16390;2014-11-04 23:07:15
4283606;62;75;61;75;cool;on;1;1;0;F;0;0;1;0;1;1;1;1;1;1;1;0;16390;2014-11-04 23:35:43
4284847;255;255;70;73;cool;on;1;0;0;F;0;0;1;0;1;1;1;1;1;1;1;0;2693;2014-11-04 20:53:19
4285490;70;76;61;75;cool;on;1;1;0;F;0;0;1;0;1;1;1;1;1;1;1;0;16390;2014-11-05 06:37:43
4294782;62;77;61;75;cool;on;1;1;0;F;0;0;1;0;1;1;1;1;1;1;1;0;16390;2014-11-05 07:59:10
4295559;255;255;62;61;heat;on;1;0;0;F;0;0;0;0;1;1;1;1;1;1;1;0;16188;2014-11-03 17:09:43
4296161;255;255;61;75;cool;on;1;0;0;F;0;0;1;0;1;1;1;1;1;1;1;0;16390;2014-11-05 17:01:18
4297550;70;74;61;75;cool;on;1;1;0;F;0;0;1;0;1;1;1;1;1;1;1;0;16390;2014-11-05 17:57:57
4297773;70;76;61;75;cool;on;1;1;0;F;0;0;1;0;1;1;1;1;1;1;1;0;16390;2014-11-05 18:52:43
4299451;255;255;70;73;off;on;1;0;0;F;0;0;1;0;1;1;1;1;1;1;1;0;2693;2014-11-05 07:30:52
4302378;70;75;62;61;heat;on;1;1;0;F;0;0;0;0;1;1;1;1;1;1;1;0;16188;2014-11-05 17:30:32
4304378;70;75;61;75;cool;on;1;1;0;F;0;0;1;0;1;1;1;1;1;1;1;0;16390;2014-11-05 19:00:58
4307437;62;76;61;75;cool;on;1;1;0;F;0;0;1;0;1;1;1;1;1;1;1;0;16390;2014-11-05 23:52:48
4308609;255;255;70;73;cool;on;1;0;0;F;0;0;1;0;1;1;1;1;1;1;1;0;2693;2014-11-05 20:11:13
4309947;70;77;61;75;cool;on;1;1;0;F;0;0;1;0;1;1;1;1;1;1;1;0;16390;2014-11-06 06:25:52
4313268;255;255;61;75;cool;on;1;0;0;F;0;0;1;0;1;1;1;1;1;1;1;0;16390;2014-11-06 08:43:09
4318559;62;78;61;75;cool;on;1;1;0;F;0;0;1;0;1;1;1;1;1;1;1;0;16390;2014-11-06 12:37:55
4320006;255;255;61;75;cool;on;1;0;0;F;0;0;1;0;1;1;1;1;1;1;1;0;16390;2014-11-06 17:01:12
4320306;70;74;61;75;cool;on;1;1;0;F;0;0;1;0;1;1;1;1;1;1;1;0;16390;2014-11-06 17:54:14
4320329;70;75;61;75;cool;on;1;1;0;F;0;0;1;0;1;1;1;1;1;1;1;0;16390;2014-11-06 18:05:08
4320961;70;74;61;75;cool;on;1;1;0;F;0;0;1;0;1;1;1;1;1;1;1;0;16390;2014-11-06 18:06:04
4324131;70;75;61;75;cool;on;1;1;0;F;0;0;1;0;1;1;1;1;1;1;1;0;16390;2014-11-06 18:31:25
4326118;70;74;61;75;cool;on;1;1;0;F;0;0;1;0;1;1;1;1;1;1;1;0;16390;2014-11-06 20:38:00
4328635;62;75;61;75;cool;on;1;1;0;F;0;0;1;0;1;1;1;1;1;1;1;0;16390;2014-11-06 21:49:55
4331082;62;76;61;75;cool;on;1;1;0;F;0;0;1;0;1;1;1;1;1;1;1;0;16390;2014-11-06 23:38:21
4332079;70;75;61;75;cool;on;1;1;0;F;0;0;1;0;1;1;1;1;1;1;1;0;16390;2014-11-07 06:04:37
4332369;70;74;61;75;cool;on;1;1;0;F;0;0;1;0;1;1;1;1;1;1;1;0;16390;2014-11-07 06:46:24
4334229;255;255;61;75;cool;on;1;0;0;F;0;0;1;0;1;1;1;1;1;1;1;0;16390;2014-11-07 06:59:53
4336111;62;76;61;75;cool;on;1;1;0;F;0;0;1;0;1;1;1;1;1;1;1;0;16390;2014-11-07 08:32:39
4337356;62;75;61;75;cool;on;1;1;0;F;0;0;1;0;1;1;1;1;1;1;1;0;16390;2014-11-07 10:28:30
4337759;62;76;61;75;cool;on;1;1;0;F;0;0;1;0;1;1;1;1;1;1;1;0;16390;2014-11-07 12:20:27
4337868;62;74;61;75;cool;on;1;1;0;F;0;0;1;0;1;1;1;1;1;1;1;0;16390;2014-11-07 12:57:58
4341624;62;77;61;75;cool;on;1;1;0;F;0;0;1;0;1;1;1;1;1;1;1;0;16390;2014-11-07 13:09:36
4343998;70;74;61;75;cool;on;1;1;0;F;0;0;1;0;1;1;1;1;1;1;1;0;16390;2014-11-07 17:00:09
4344037;70;75;61;75;cool;on;1;1;0;F;0;0;1;0;1;1;1;1;1;1;1;0;16390;2014-11-07 18:23:40
4344738;70;74;61;75;cool;on;1;1;0;F;0;0;1;0;1;1;1;1;1;1;1;0;16390;2014-11-07 18:25:05
4344868;70;75;61;75;cool;on;1;1;0;F;0;0;1;0;1;1;1;1;1;1;1;0;16390;2014-11-07 18:54:35
4349172;70;74;61;75;cool;on;1;1;0;F;0;0;1;0;1;1;1;1;1;1;1;0;16390;2014-11-07 18:58:41
4350668;62;75;61;75;cool;on;1;1;0;F;0;0;1;0;1;1;1;1;1;1;1;0;16390;2014-11-07 21:57:13
4351197;62;74;61;75;cool;on;1;1;0;F;0;0;1;0;1;1;1;1;1;1;1;0;16390;2014-11-07 23:00:13
4355419;62;75;61;75;cool;on;1;1;0;F;0;0;1;0;1;1;1;1;1;1;1;0;16390;2014-11-07 23:26:59
4358195;255;255;61;75;cool;on;1;0;0;F;0;0;1;0;1;1;1;1;1;1;1;0;16390;2014-11-08 07:11:51
4359276;255;255;62;74;heat;on;1;0;1;F;0;0;1;0;1;0;1;1;1;1;1;1;1106;2014-11-03 06:50:58
4359309;62;75;61;75;cool;on;1;1;0;F;0;0;1;0;1;1;1;1;1;1;1;0;16390;2014-11-08 09:30:39
4361737;62;76;61;75;cool;on;1;1;0;F;0;0;1;0;1;1;1;1;1;1;1;0;16390;2014-11-08 10:33:36
4362275;255;255;62;61;heat;on;1;0;0;F;0;0;0;0;1;1;1;1;1;1;1;0;16188;2014-11-05 22:01:07
4362720;62;73;61;75;cool;on;1;1;0;F;0;0;1;0;1;1;1;1;1;1;1;0;16390;2014-11-08 13:13:25
4364952;62;77;61;75;cool;on;1;1;0;F;0;0;1;0;1;1;1;1;1;1;1;0;16390;2014-11-08 14:21:57
4365520;68;74;62;74;heat;on;1;1;1;F;0;0;1;0;1;0;1;1;1;1;1;1;1106;2014-11-08 10:31:53
4367421;255;255;61;75;cool;on;1;0;0;F;0;0;1;0;1;1;1;1;1;1;1;0;16390;2014-11-08 16:31:09
4368995;70;77;61;75;cool;on;1;1;0;F;0;0;1;0;1;1;1;1;1;1;1;0;16390;2014-11-08 18:37:24
4369905;70;76;61;75;cool;on;1;1;0;F;0;0;1;0;1;1;1;1;1;1;1;0;16390;2014-11-08 20:08:52
4370474;70;75;61;75;cool;on;1;1;0;F;0;0;1;0;1;1;1;1;1;1;1;0;16390;2014-11-08 21:03:18
4374278;62;76;61;75;cool;on;1;1;0;F;0;0;1;0;1;1;1;1;1;1;1;0;16390;2014-11-08 21:28:41
4377892;62;75;61;75;cool;on;1;1;0;F;0;0;1;0;1;1;1;1;1;1;1;0;16390;2014-11-09 00:08:38
4379550;255;255;61;75;cool;on;1;0;0;F;0;0;1;0;1;1;1;1;1;1;1;0;16390;2014-11-09 07:16:09
4379764;255;255;65;71;auto cool;on;0;0;0;F;0;0;0;0;1;1;1;1;1;1;1;0;5862;2014-11-01 22:41:04
4380178;62;75;61;75;cool;on;1;1;0;F;0;0;1;0;1;1;1;1;1;1;1;0;16390;2014-11-09 08:40:30
4380626;62;73;61;75;cool;on;1;1;0;F;0;0;1;0;1;1;1;1;1;1;1;0;16390;2014-11-09 09:10:10
4381254;255;255;70;85;heat;on;1;0;0;F;0;0;0;0;1;1;1;1;1;1;1;0;15320;2014-10-25 19:43:09
4381943;69;83;70;85;heat;on;1;1;0;F;0;0;0;0;1;1;1;1;1;1;1;0;15320;2014-11-09 10:04:31
4383097;255;255;62;74;heat;on;1;0;1;F;0;0;1;0;1;0;1;1;1;1;1;1;1106;2014-11-08 17:00:11
4384510;70;83;70;85;heat;on;1;1;0;F;0;0;0;0;1;1;1;1;1;1;1;0;15320;2014-11-09 10:40:01
4386831;62;76;61;75;cool;on;1;1;0;F;0;0;1;0;1;1;1;1;1;1;1;0;16390;2014-11-09 09:32:55
4387568;255;255;61;75;cool;on;1;0;0;F;0;0;1;0;1;1;1;1;1;1;1;0;16390;2014-11-09 16:01:13
4387637;255;255;66;61;heat;on;0;0;0;F;0;0;0;0;1;1;1;1;1;1;1;0;16188;2014-11-08 13:51:16
4387977;70;76;61;75;cool;on;1;1;0;F;0;0;1;0;1;1;1;1;1;1;1;0;16390;2014-11-09 16:34:41
4387993;255;255;69;61;heat;on;0;0;0;F;0;0;0;0;1;1;1;1;1;1;1;0;16188;2014-11-09 16:38:19
4388020;68;74;62;74;heat;on;1;1;1;F;0;0;1;0;1;0;1;1;1;1;1;1;1106;2014-11-09 11:46:25
4389148;70;75;61;75;cool;on;1;1;0;F;0;0;1;0;1;1;1;1;1;1;1;0;16390;2014-11-09 16:58:10
4391805;70;76;61;75;cool;on;1;1;0;F;0;0;1;0;1;1;1;1;1;1;1;0;16390;2014-11-09 17:49:09
4393462;70;75;61;75;cool;on;1;1;0;F;0;0;1;0;1;1;1;1;1;1;1;0;16390;2014-11-09 20:13:36
4395153;62;76;61;75;cool;on;1;1;0;F;0;0;1;0;1;1;1;1;1;1;1;0;16390;2014-11-09 21:36:16
4399890;62;74;61;75;cool;on;1;1;0;F;0;0;1;0;1;1;1;1;1;1;1;0;16390;2014-11-09 23:01:15
4400341;255;255;62;74;heat;on;1;0;1;F;0;0;1;0;1;0;1;1;1;1;1;1;1106;2014-11-09 17:00:08
4402228;70;75;61;75;cool;on;1;1;0;F;0;0;1;0;1;1;1;1;1;1;1;0;16390;2014-11-10 07:15:12
4405057;255;255;61;75;cool;on;1;0;0;F;0;0;1;0;1;1;1;1;1;1;1;0;16390;2014-11-10 09:13:36
4405464;62;73;61;75;cool;on;1;1;0;F;0;0;1;0;1;1;1;1;1;1;1;0;16390;2014-11-10 13:12:39
4405592;62;74;61;75;cool;on;1;1;0;F;0;0;1;0;1;1;1;1;1;1;1;0;16390;2014-11-10 13:52:40
4405925;62;76;61;75;cool;on;1;1;0;F;0;0;1;0;1;1;1;1;1;1;1;0;16390;2014-11-10 14:07:41
4406794;68;74;62;74;heat;on;1;1;1;F;0;0;1;0;1;0;1;1;1;1;1;1;1106;2014-11-10 07:36:04
4407460;62;75;61;75;cool;on;1;1;0;F;0;0;1;0;1;1;1;1;1;1;1;0;16390;2014-11-10 14:37:26
4408085;70;74;61;75;cool;on;1;1;0;F;0;0;1;0;1;1;1;1;1;1;1;0;16390;2014-11-10 16:16:40
4409111;70;73;61;75;cool;on;1;1;0;F;0;0;1;0;1;1;1;1;1;1;1;0;16390;2014-11-10 16:54:44
4409588;70;73;61;75;cool;on;1;1;0;F;0;0;1;0;1;1;1;1;1;1;1;0;16390;2014-11-10 17:41:52
4415230;70;75;61;75;cool;on;1;1;0;F;0;0;1;0;1;1;1;1;1;1;1;0;16390;2014-11-10 18:05:42
4416034;62;74;61;75;cool;on;1;1;0;F;0;0;1;0;1;1;1;1;1;1;1;0;16390;2014-11-10 22:36:16
4419708;62;75;61;75;cool;on;1;1;0;F;0;0;1;0;1;1;1;1;1;1;1;0;16390;2014-11-10 23:30:56
4419946;255;255;61;75;cool;on;1;0;0;F;0;0;1;0;1;1;1;1;1;1;1;0;16390;2014-11-11 07:02:31
4420752;255;255;69;61;heat;on;1;0;0;F;0;0;0;0;1;1;1;1;1;1;1;0;16188;2014-11-09 16:59:01
4420761;68;75;69;61;heat;on;1;1;0;F;0;0;0;0;1;1;1;1;1;1;1;0;16188;2014-11-11 07:43:25
4423281;69;75;69;61;heat;on;1;1;0;F;0;0;0;0;1;1;1;1;1;1;1;0;16188;2014-11-11 07:43:59
4423568;62;74;61;75;cool;on;1;1;0;F;0;0;1;0;1;1;1;1;1;1;1;0;16390;2014-11-11 07:14:03
4424783;62;73;61;75;cool;on;1;1;0;F;0;0;1;0;1;1;1;1;1;1;1;0;16390;2014-11-11 09:57:50
4425808;62;74;61;75;cool;on;1;1;0;F;0;0;1;0;1;1;1;1;1;1;1;0;16390;2014-11-11 11:02:24
4427413;62;75;61;75;cool;on;1;1;0;F;0;0;1;0;1;1;1;1;1;1;1;0;16390;2014-11-11 12:06:08
4430786;255;255;69;61;heat;on;1;0;0;F;0;0;0;0;1;1;1;1;1;1;1;0;16188;2014-11-11 09:43:06
4431877;62;76;61;75;cool;on;1;1;0;F;0;0;1;0;1;1;1;1;1;1;1;0;16390;2014-11-11 13:37:55
4432529;255;255;61;75;cool;on;1;0;0;F;0;0;1;0;1;1;1;1;1;1;1;0;16390;2014-11-11 17:01:40
4434354;70;83;69;61;heat;on;1;1;0;F;0;0;0;0;1;1;1;1;1;1;1;0;16188;2014-11-11 16:26:30
4434676;70;74;61;75;cool;on;1;1;0;F;0;0;1;0;1;1;1;1;1;1;1;0;16390;2014-11-11 17:21:58
4440884;70;75;61;75;cool;on;1;1;0;F;0;0;1;0;1;1;1;1;1;1;1;0;16390;2014-11-11 18:38:37
4442081;62;74;61;75;cool;on;1;1;0;F;0;0;1;0;1;1;1;1;1;1;1;0;16390;2014-11-11 22:14:06
4446849;62;75;61;75;cool;on;1;1;0;F;0;0;1;0;1;1;1;1;1;1;1;0;16390;2014-11-11 22:58:37
4447793;70;76;61;75;cool;on;1;1;0;F;0;0;1;0;1;1;1;1;1;1;1;0;16390;2014-11-12 08:04:08
4449301;255;255;69;61;heat;on;1;0;0;F;0;0;0;0;1;1;1;1;1;1;1;0;16188;2014-11-11 18:26:20
4449373;70;83;69;61;heat;on;1;1;0;F;0;0;0;0;1;1;1;1;1;1;1;0;16188;2014-11-12 09:42:53
4451742;255;255;70;74;heat;on;0;0;0;F;0;0;1;0;1;1;1;1;1;1;1;0;13265;2014-11-03 09:49:10
4457710;255;255;61;75;cool;on;1;0;0;F;0;0;1;0;1;1;1;1;1;1;1;0;16390;2014-11-12 08:37:09
4458446;69;83;69;61;heat;on;1;1;0;F;0;0;0;0;1;1;1;1;1;1;1;0;16188;2014-11-12 09:47:07
4460153;255;255;61;75;cool;on;1;0;0;F;0;0;1;0;1;1;1;1;1;1;1;0;16390;2014-11-12 16:36:06
4469267;255;255;62;74;heat;on;1;0;1;F;0;0;1;0;1;0;1;1;1;1;1;1;1106;2014-11-10 15:45:38
4469380;70;74;61;75;cool;on;1;1;0;F;0;0;1;0;1;1;1;1;1;1;1;0;16390;2014-11-12 17:43:02
4470857;62;75;61;75;cool;on;1;1;0;F;0;0;1;0;1;1;1;1;1;1;1;0;16390;2014-11-12 22:21:30
4471074;62;74;61;75;cool;on;1;1;0;F;0;0;1;0;1;1;1;1;1;1;1;0;16390;2014-11-12 23:15:56
4475221;68;73;62;74;heat;on;1;1;1;F;0;0;1;0;1;0;1;1;1;1;1;1;1106;2014-11-12 22:18:23
4476382;62;75;61;75;cool;on;1;1;0;F;0;0;1;0;1;1;1;1;1;1;1;0;16390;2014-11-12 23:28:35
4477955;255;255;70;73;off;on;1;0;0;F;0;0;1;0;1;1;1;1;1;1;1;0;2693;2014-11-06 07:31:52
4479670;70;76;61;75;cool;on;1;1;0;F;0;0;1;0;1;1;1;1;1;1;1;0;16390;2014-11-13 06:38:15
4480715;68;80;70;73;heat;on;1;1;0;F;0;0;1;0;1;1;1;1;1;1;1;0;2693;2014-11-13 07:32:05
4480877;67;85;70;73;heat;on;1;1;0;F;0;0;1;0;1;1;1;1;1;1;1;0;2693;2014-11-13 09:19:51
4481726;255;255;61;75;cool;on;1;0;0;F;0;0;1;0;1;1;1;1;1;1;1;0;16390;2014-11-13 08:35:15
4488318;62;77;61;75;cool;on;1;1;0;F;0;0;1;0;1;1;1;1;1;1;1;0;16390;2014-11-13 10:09:58
4490882;63;85;70;73;heat;on;1;1;0;F;0;0;1;0;1;1;1;1;1;1;1;0;2693;2014-11-13 09:27:16
4492702;62;74;61;75;cool;on;1;1;0;F;0;0;1;0;1;1;1;1;1;1;1;0;16390;2014-11-13 15:44:35
4493813;255;255;61;75;cool;on;1;0;0;F;0;0;1;0;1;1;1;1;1;1;1;0;16390;2014-11-13 17:44:35
4493972;255;255;70;73;heat;on;1;0;0;F;0;0;1;0;1;1;1;1;1;1;1;0;2693;2014-11-13 17:00:08
4494354;70;74;61;75;cool;on;1;1;0;F;0;0;1;0;1;1;1;1;1;1;1;0;16390;2014-11-13 18:15:53
4494860;65;75;70;73;heat;on;1;1;0;F;0;0;1;0;1;1;1;1;1;1;1;0;2693;2014-11-13 18:20:58
4501409;63;75;70;73;heat;on;1;1;0;F;0;0;1;0;1;1;1;1;1;1;1;0;2693;2014-11-13 18:49:57
4505342;70;75;61;75;cool;on;1;1;0;F;0;0;1;0;1;1;1;1;1;1;1;0;16390;2014-11-13 18:33:33
4505395;62;74;61;75;cool;on;1;1;0;F;0;0;1;0;1;1;1;1;1;1;1;0;16390;2014-11-14 00:38:14
4505576;62;75;61;75;cool;on;1;1;0;F;0;0;1;0;1;1;1;1;1;1;1;0;16390;2014-11-14 00:43:53
4505578;62;74;61;75;cool;on;1;1;0;F;0;0;1;0;1;1;1;1;1;1;1;0;16390;2014-11-14 00:58:15
4505582;62;75;61;75;cool;on;1;1;0;F;0;0;1;0;1;1;1;1;1;1;1;0;16390;2014-11-14 00:58:25
4510378;62;74;61;75;cool;on;1;1;0;F;0;0;1;0;1;1;1;1;1;1;1;0;16390;2014-11-14 00:58:47
4511408;255;255;70;73;heat;on;1;0;0;F;0;0;1;0;1;1;1;1;1;1;1;0;2693;2014-11-13 22:00:20
4513271;255;255;69;61;heat;on;1;0;0;F;0;0;0;0;1;1;1;1;1;1;1;0;16188;2014-11-12 17:00:06
4513911;70;83;69;61;heat;on;1;1;0;F;0;0;0;0;1;1;1;1;1;1;1;0;16188;2014-11-14 13:45:22
4514178;62;73;61;75;cool;on;1;1;0;F;0;0;1;0;1;1;1;1;1;1;1;0;16390;2014-11-14 12:23:27
4517270;62;77;61;75;cool;on;1;1;0;F;0;0;1;0;1;1;1;1;1;1;1;0;16390;2014-11-14 14:36:34
4517371;69;83;69;61;heat;on;1;1;0;F;0;0;0;0;1;1;1;1;1;1;1;0;16188;2014-11-14 14:18:25
4517497;255;255;65;73;heat;on;0;0;0;F;0;0;1;0;1;1;1;1;1;1;1;0;2693;2014-11-14 12:43:14
4525913;70;75;69;61;heat;on;1;1;0;F;0;0;0;0;1;1;1;1;1;1;1;0;16188;2014-11-14 17:20:30
4525960;69;75;69;61;heat;on;1;1;0;F;0;0;0;0;1;1;1;1;1;1;1;0;16188;2014-11-14 21:32:02
4527298;67;75;69;61;heat;on;1;1;0;F;0;0;0;0;1;1;1;1;1;1;1;0;16188;2014-11-14 21:32:38
4533443;64;78;69;61;heat;on;1;1;0;F;0;0;0;0;1;1;1;1;1;1;1;0;16188;2014-11-14 22:15:08
4534751;255;255;61;75;cool;on;1;0;0;F;0;0;1;0;1;1;1;1;1;1;1;0;16390;2014-11-14 17:16:46
4537359;70;74;61;75;cool;on;1;1;0;F;0;0;1;0;1;1;1;1;1;1;1;0;16390;2014-11-15 07:17:47
4540124;255;255;61;75;cool;on;1;0;0;F;0;0;1;0;1;1;1;1;1;1;1;0;16390;2014-11-15 08:59:15
4540232;62;75;61;75;cool;on;1;1;0;F;0;0;1;0;1;1;1;1;1;1;1;0;16390;2014-11-15 10:50:32
4540788;62;74;61;75;cool;on;1;1;0;F;0;0;1;0;1;1;1;1;1;1;1;0;16390;2014-11-15 10:56:12
4543787;62;77;61;75;cool;on;1;1;0;F;0;0;1;0;1;1;1;1;1;1;1;0;16390;2014-11-15 11:22:05
4546289;62;75;61;75;cool;on;1;1;0;F;0;0;1;0;1;1;1;1;1;1;1;0;16390;2014-11-15 14:12:35
4550375;255;255;69;61;heat;on;1;0;0;F;0;0;0;0;1;1;1;1;1;1;1;0;16188;2014-11-15 06:15:18
4554149;255;255;66;71;auto cool;on;0;0;0;F;0;0;0;0;1;1;1;1;1;1;1;0;5862;2014-11-09 08:50:45
4554644;70;75;69;61;heat;on;1;1;0;F;0;0;0;0;1;1;1;1;1;1;1;0;16188;2014-11-15 18:57:22
4555481;255;255;61;75;cool;on;1;0;0;F;0;0;1;0;1;1;1;1;1;1;1;0;16390;2014-11-15 16:13:42
4556625;255;255;70;71;off;on;0;0;0;F;0;0;0;0;1;1;1;1;1;0;1;0;5862;2014-11-15 21:45:21
4556760;255;255;71;71;heat;on;0;0;0;F;0;0;0;0;1;1;1;1;1;0;1;0;5862;2014-11-15 23:01:56
4560426;255;255;75;71;heat;on;0;0;0;F;0;0;0;0;1;1;1;1;1;0;1;0;5862;2014-11-15 23:05:28
4561734;255;255;75;71;off;on;0;0;0;F;0;0;0;0;1;1;1;1;1;0;1;0;5862;2014-11-16 04:53:43
4562329;62;74;61;75;cool;on;1;1;0;F;0;0;1;0;1;1;1;1;1;1;1;0;16390;2014-11-15 22:31:37
4562674;255;255;71;71;heat;on;0;0;0;F;0;0;0;0;1;1;1;1;1;0;1;0;5862;2014-11-16 06:24:19
4564477;255;255;66;71;heat;on;1;0;0;F;0;0;0;0;1;1;1;1;1;0;1;0;5862;2014-11-16 07:15:47
4565552;255;255;70;78;off;on;0;0;0;F;0;0;0;0;1;0;0;1;1;1;1;0;2764;2014-11-03 13:07:32
4565707;255;255;62;71;heat;on;0;0;0;F;0;0;0;0;1;1;1;1;1;0;1;0;5862;2014-11-16 08:29:46
4565919;255;255;66;71;heat;on;0;0;0;F;0;0;0;0;1;1;1;1;1;0;1;0;5862;2014-11-16 09:14:46
4567211;255;255;61;75;cool;on;1;0;0;F;0;0;1;0;1;1;1;1;1;1;1;0;16390;2014-11-16 07:00:55
4567318;255;255;70;78;heat;on;0;0;0;F;0;0;0;0;1;0;0;1;1;1;1;0;2764;2014-11-16 09:09:12
4567422;255;255;67;71;heat;on;0;0;0;F;0;0;0;0;1;1;1;1;1;0;1;0;5862;2014-11-16 09:23:18
4567903;255;255;68;71;heat;on;0;0;0;F;0;0;0;0;1;1;1;1;1;0;1;0;5862;2014-11-16 10:19:53
4568208;255;255;73;71;heat;on;0;0;0;F;0;0;0;0;1;1;1;1;1;0;1;0;5862;2014-11-16 10:39:09
4568745;255;255;68;71;heat;on;0;0;0;F;0;0;0;0;1;1;1;1;1;1;1;0;5862;2014-11-16 10:51:12
4569001;255;255;71;71;heat;on;0;0;0;F;0;0;0;0;1;1;1;1;1;1;1;0;5862;2014-11-16 11:15:16
4569389;255;255;72;71;heat;on;0;0;0;F;0;0;0;0;1;1;1;1;1;1;1;0;5862;2014-11-16 11:26:13
4569641;255;255;67;71;heat;on;0;0;0;F;0;0;0;0;1;1;1;1;1;1;1;0;5862;2014-11-16 11:44:25
4569677;255;255;72;71;heat;on;0;0;0;F;0;0;0;0;1;1;1;1;1;1;1;0;5862;2014-11-16 11:54:15
4569705;255;255;68;71;heat;on;0;0;0;F;0;0;0;0;1;1;1;1;1;1;1;0;5862;2014-11-16 11:56:20
4570721;255;255;69;61;heat;on;1;0;0;F;0;0;0;0;1;1;1;1;1;1;1;0;16188;2014-11-15 22:03:25
4571165;255;255;67;71;heat;on;0;0;0;F;0;0;0;0;1;1;1;1;1;1;1;0;5862;2014-11-16 11:57:22
4573853;62;75;61;75;cool;on;1;1;0;F;0;0;1;0;1;1;1;1;1;1;1;0;16390;2014-11-16 10:12:09
4573930;62;74;61;75;cool;on;1;1;0;F;0;0;1;0;1;1;1;1;1;1;1;0;16390;2014-11-16 15:09:51
4577322;70;83;69;61;heat;on;1;1;0;F;0;0;0;0;1;1;1;1;1;1;1;0;16188;2014-11-16 12:43:00
4577366;62;75;61;75;cool;on;1;1;0;F;0;0;1;0;1;1;1;1;1;1;1;0;16390;2014-11-16 15:13:44
4579460;255;255;66;71;heat;on;0;0;0;F;0;0;0;0;1;1;1;1;1;1;1;0;5862;2014-11-16 13:02:33
4580378;255;255;50;73;heat;on;0;0;0;F;0;0;1;0;1;1;1;1;1;1;1;0;2693;2014-11-14 17:24:50
4582527;255;255;61;75;cool;on;1;0;0;F;0;0;1;0;1;1;1;1;1;1;1;0;16390;2014-11-16 17:11:08
4585939;255;255;63;73;heat;on;0;0;0;F;0;0;1;0;1;1;1;1;1;1;1;0;2693;2014-11-16 19:07:00
4585989;70;74;61;75;cool;on;1;1;0;F;0;0;1;0;1;1;1;1;1;1;1;0;16390;2014-11-16 20:34:03
4592464;62;75;61;75;cool;on;1;1;0;F;0;0;1;0;1;1;1;1;1;1;1;0;16390;2014-11-16 22:27:06
4593012;255;255;60;73;heat;on;0;0;0;F;0;0;1;0;1;1;1;1;1;1;1;0;2693;2014-11-16 22:24:54
4593601;255;255;65;73;heat;on;0;0;0;F;0;0;1;0;1;1;1;1;1;1;1;0;2693;2014-11-17 06:31:23
4596643;70;74;61;75;cool;on;1;1;0;F;0;0;1;0;1;1;1;1;1;1;1;0;16390;2014-11-17 06:12:48
4597691;255;255;61;75;cool;on;1;0;0;F;0;0;1;0;1;1;1;1;1;1;1;0;16390;2014-11-17 08:12:25
4598117;255;255;70;78;off;on;0;0;0;F;0;0;0;0;1;0;0;1;1;1;1;0;2764;2014-11-16 10:15:36
4600565;255;255;70;78;heat;on;0;0;0;F;0;0;0;0;1;0;0;1;1;1;1;0;2764;2014-11-17 08:59:37
4602677;62;74;61;75;cool;on;1;1;0;F;0;0;1;0;1;1;1;1;1;1;1;0;16390;2014-11-17 08:45:03
4603284;62;75;61;75;cool;on;1;1;0;F;0;0;1;0;1;1;1;1;1;1;1;0;16390;2014-11-17 11:56:29
4604373;62;76;61;75;cool;on;1;1;0;F;0;0;1;0;1;1;1;1;1;1;1;0;16390;2014-11-17 12:26:02
4604928;62;74;61;75;cool;on;1;1;0;F;0;0;1;0;1;1;1;1;1;1;1;0;16390;2014-11-17 13:21:24
4605231;255;255;72;74;heat;on;0;0;0;F;0;0;1;0;1;1;1;1;1;1;1;0;13265;2014-11-12 11:42:44
4609764;62;77;61;75;cool;on;1;1;0;F;0;0;1;0;1;1;1;1;1;1;1;0;16390;2014-11-17 13:52:31
4610111;255;255;73;74;heat;on;0;0;0;F;0;0;1;0;1;1;1;1;1;1;1;0;13265;2014-11-17 14:09:16
4613472;255;255;69;61;heat;on;1;0;0;F;0;0;0;0;1;1;1;1;1;1;1;0;16188;2014-11-16 17:10:06
4613754;255;255;50;73;heat;on;0;0;0;F;0;0;1;0;1;1;1;1;1;1;1;0;2693;2014-11-17 06:49:24
4619338;255;255;63;73;heat;on;0;0;0;F;0;0;1;0;1;1;1;1;1;1;1;0;2693;2014-11-17 18:49:00
4620484;70;75;69;61;heat;on;1;1;0;F;0;0;0;0;1;1;1;1;1;1;1;0;16188;2014-11-17 18:41:18
4624309;255;255;68;78;heat;on;0;0;0;F;0;0;0;0;1;0;0;1;1;1;1;0;2764;2014-11-17 10:24:07
4624310;255;255;55;78;heat;on;0;0;0;F;0;0;0;0;1;0;0;1;1;1;1;0;2764;2014-11-18 00:13:30
4624317;255;255;55;78;heat;on;1;0;0;F;0;0;0;0;1;0;0;1;1;1;1;0;2764;2014-11-18 00:13:33
4628856;255;255;61;75;cool;on;1;0;0;F;0;0;1;0;1;1;1;1;1;1;1;0;16390;2014-11-17 17:00:11
4630601;255;255;62;73;heat;on;0;0;0;F;0;0;1;0;1;1;1;1;1;1;1;0;2693;2014-11-17 21:28:13
4631266;255;255;64;73;heat;on;0;0;0;F;0;0;1;0;1;1;1;1;1;1;1;0;2693;2014-11-18 07:36:53
4631606;56;78;55;78;heat;on;1;1;0;F;0;0;0;0;1;0;0;1;1;1;1;0;2764;2014-11-18 00:13:59
4632063;255;255;59;78;heat;on;0;0;0;F;0;0;0;0;1;0;0;1;1;1;1;0;2764;2014-11-18 08:10:16
4632575;70;76;61;75;cool;on;1;1;0;F;0;0;1;0;1;1;1;1;1;1;1;0;16390;2014-11-18 06:37:15
4632824;255;255;56;78;heat;on;0;0;0;F;0;0;0;0;1;0;0;1;1;1;1;0;2764;2014-11-18 08:24:41
4633797;255;255;74;74;heat;on;0;0;0;F;0;0;1;0;1;1;1;1;1;1;1;0;13265;2014-11-17 17:04:08
4633817;255;255;73;74;heat;on;0;0;0;F;0;0;1;0;1;1;1;1;1;1;1;0;13265;2014-11-18 09:13:13
4634811;255;255;68;78;heat;on;0;0;0;F;0;0;0;0;1;0;0;1;1;1;1;0;2764;2014-11-18 08:42:42
4635570;255;255;58;73;heat;on;0;0;0;F;0;0;1;0;1;1;1;1;1;1;1;0;2693;2014-11-18 08:00:05
4635676;255;255;61;75;cool;on;1;0;0;F;0;0;1;0;1;1;1;1;1;1;1;0;16390;2014-11-18 08:39:10
4637757;255;255;69;61;heat;on;1;0;0;F;0;0;0;0;1;1;1;1;1;1;1;0;16188;2014-11-17 22:00:05
4644657;62;77;61;75;cool;on;1;1;0;F;0;0;1;0;1;1;1;1;1;1;1;0;16390;2014-11-18 10:30:00
4644803;70;83;69;61;heat;on;1;1;0;F;0;0;0;0;1;1;1;1;1;1;1;0;16188;2014-11-18 12:09:54
4645035;255;255;69;61;heat;on;1;0;0;F;0;0;0;0;1;1;1;1;1;1;1;0;16188;2014-11-18 17:01:47
4646610;255;255;61;75;cool;on;1;0;0;F;0;0;1;0;1;1;1;1;1;1;1;0;16390;2014-11-18 17:00:28
4648114;70;76;61;75;cool;on;1;1;0;F;0;0;1;0;1;1;1;1;1;1;1;0;16390;2014-11-18 17:49:58
4653902;255;255;64;73;heat;on;0;0;0;F;0;0;1;0;1;1;1;1;1;1;1;0;2693;2014-11-18 10:25:23
4655782;70;75;69;61;heat;on;1;1;0;F;0;0;0;0;1;1;1;1;1;1;1;0;16188;2014-11-18 17:05:53
4657737;70;74;61;75;cool;on;1;1;0;F;0;0;1;0;1;1;1;1;1;1;1;0;16390;2014-11-18 18:33:10
4658041;255;255;62;74;heat;on;1;0;1;F;0;0;1;0;1;0;1;1;1;1;1;1;1106;2014-11-13 06:00:07
4663137;67;73;62;74;heat;on;1;1;1;F;0;0;1;0;1;0;1;1;1;1;1;1;1106;2014-11-18 23:07:19
4664467;62;75;61;75;cool;on;1;1;0;F;0;0;1;0;1;1;1;1;1;1;1;0;16390;2014-11-18 22:58:14
4664655;255;255;60;73;heat;on;0;0;0;F;0;0;1;0;1;1;1;1;1;1;1;0;2693;2014-11-18 21:14:29
4665592;255;255;63;73;heat;on;0;0;0;F;0;0;1;0;1;1;1;1;1;1;1;0;2693;2014-11-19 06:50:26
4666141;70;76;61;75;cool;on;1;1;0;F;0;0;1;0;1;1;1;1;1;1;1;0;16390;2014-11-19 06:42:39
4667221;255;255;69;61;heat;on;1;0;0;F;0;0;0;0;1;1;1;1;1;1;1;0;16188;2014-11-18 22:02:05
4667896;62;77;61;75;cool;on;1;1;0;F;0;0;1;0;1;1;1;1;1;1;1;0;16390;2014-11-19 07:38:37
4668198;255;255;68;78;heat;on;1;0;0;F;0;0;0;0;1;0;0;1;1;1;1;0;2764;2014-11-18 09:52:31
4668698;255;255;68;71;heat;on;0;0;0;F;0;0;0;0;1;1;1;1;1;1;1;0;5862;2014-11-16 18:30:50
4668965;68;75;68;78;heat;on;1;1;0;F;0;0;0;0;1;0;0;1;1;1;1;0;2764;2014-11-19 08:50:34
4669218;255;255;68;71;off;on;0;0;0;F;0;0;0;0;1;1;1;1;1;1;1;0;5862;2014-11-19 09:07:45
4669311;255;255;69;71;heat;on;0;0;0;F;0;0;0;0;1;1;1;1;1;1;1;0;5862;2014-11-19 09:30:14
4669312;65;75;68;78;heat;on;1;1;0;F;0;0;0;0;1;0;0;1;1;1;1;0;2764;2014-11-19 09:19:09
4669481;64;75;68;78;heat;on;1;1;0;F;0;0;0;0;1;0;0;1;1;1;1;0;2764;2014-11-19 09:33:45
4670679;69;75;68;78;heat;on;1;1;0;F;0;0;0;0;1;0;0;1;1;1;1;0;2764;2014-11-19 09:41:03
4670812;63;83;68;78;heat;on;1;1;0;F;0;0;0;0;1;0;0;1;1;1;1;0;2764;2014-11-19 10:42:13
4672125;255;255;68;71;heat;on;0;0;0;F;0;0;0;0;1;1;1;1;1;1;1;0;5862;2014-11-19 09:33:42
4673675;255;255;69;71;heat;on;0;0;0;F;0;0;0;0;1;1;1;1;1;1;1;0;5862;2014-11-19 12:09:12
4674200;62;83;68;78;heat;on;1;1;0;F;0;0;0;0;1;0;0;1;1;1;1;0;2764;2014-11-19 10:50:14
4674220;62;83;68;78;heat;on;1;1;0;F;0;0;1;0;1;0;0;1;1;1;1;0;2764;2014-11-19 14:18:25
4674233;255;255;69;71;off;on;0;0;0;F;0;0;0;0;1;1;1;1;1;1;1;0;5862;2014-11-19 13:49:08
4675036;255;255;74;71;heat;on;0;0;0;F;0;0;0;0;1;1;1;1;1;1;1;0;5862;2014-11-19 14:20:43
4675334;255;255;62;71;heat;on;0;0;0;F;0;0;0;0;1;1;1;1;1;1;1;0;5862;2014-11-19 14:59:35
4675378;255;255;62;71;heat;auto;0;0;0;F;0;0;0;0;1;1;1;1;1;1;1;0;5862;2014-11-19 15:11:52
4675654;255;255;62;71;heat;on;0;0;0;F;0;0;0;0;1;1;1;1;1;1;1;0;5862;2014-11-19 15:13:50
4676079;255;255;67;71;heat;on;0;0;0;F;0;0;0;0;1;1;1;1;1;1;1;0;5862;2014-11-19 15:24:39
4678810;70;77;61;75;cool;on;1;1;0;F;0;0;1;0;1;1;1;1;1;1;1;0;16390;2014-11-19 08:39:25
4678910;70;83;69;61;heat;on;1;1;0;F;0;0;0;0;1;1;1;1;1;1;1;0;16188;2014-11-19 08:14:59
4682331;255;255;61;75;cool;on;1;0;0;F;0;0;1;0;1;1;1;1;1;1;1;0;16390;2014-11-19 17:01:36
4682335;70;76;61;75;cool;on;1;1;0;F;0;0;1;0;1;1;1;1;1;1;1;0;16390;2014-11-19 18:45:12
4687420;70;77;61;75;cool;on;1;1;0;F;0;0;1;0;1;1;1;1;1;1;1;0;16390;2014-11-19 18:45:16
4691684;60;83;68;78;heat;on;1;1;0;F;0;0;1;0;1;0;0;1;1;1;1;0;2764;2014-11-19 14:19:57
4695663;255;255;63;73;off;on;0;0;0;F;0;0;1;0;1;1;1;1;1;1;1;0;2693;2014-11-19 07:20:06
4695665;62;76;61;75;cool;on;1;1;0;F;0;0;1;0;1;1;1;1;1;1;1;0;16390;2014-11-19 21:14:59
4697334;255;255;70;85;heat;on;1;0;0;F;0;0;0;0;1;1;1;1;1;1;1;0;15320;2014-11-09 13:19:12
4699173;255;255;68;78;heat;on;1;0;0;F;0;0;1;0;1;0;0;1;1;1;1;0;2764;2014-11-19 23:34:37
4699401;70;77;61;75;cool;on;1;1;0;F;0;0;1;0;1;1;1;1;1;1;1;0;16390;2014-11-20 06:58:47
4708568;255;255;61;75;cool;on;1;0;0;F;0;0;1;0;1;1;1;1;1;1;1;0;16390;2014-11-20 09:22:07
4708948;255;255;68;78;off;on;1;0;0;F;0;0;1;0;1;0;0;1;1;1;1;0;2764;2014-11-20 09:11:12
4709552;255;255;69;61;heat;on;1;0;0;F;0;0;0;0;1;1;1;1;1;1;1;0;16188;2014-11-19 17:03:06
4715239;70;75;69;61;heat;on;1;1;0;F;0;0;0;0;1;1;1;1;1;1;1;0;16188;2014-11-20 19:02:45
4716317;70;74;61;75;cool;on;1;1;0;F;0;0;1;0;1;1;1;1;1;1;1;0;16390;2014-11-20 18:40:08
4716435;62;75;61;75;cool;on;1;1;0;F;0;0;1;0;1;1;1;1;1;1;1;0;16390;2014-11-20 22:31:39
4717529;62;74;61;75;cool;on;1;1;0;F;0;0;1;0;1;1;1;1;1;1;1;0;16390;2014-11-20 22:35:32
4717627;62;73;61;75;cool;on;1;1;0;F;0;0;1;0;1;1;1;1;1;1;1;0;16390;2014-11-20 23:14:15
4720292;62;74;61;75;cool;on;1;1;0;F;0;0;1;0;1;1;1;1;1;1;1;0;16390;2014-11-20 23:19:18
4721866;70;83;70;85;heat;on;1;1;0;F;0;0;0;0;1;1;1;1;1;1;1;0;15320;2014-11-20 07:54:38
4724527;70;75;61;75;cool;on;1;1;0;F;0;0;1;0;1;1;1;1;1;1;1;0;16390;2014-11-21 07:02:20
4724876;255;255;68;78;heat;on;1;0;0;F;0;0;1;0;1;0;0;1;1;1;1;0;2764;2014-11-20 18:44:36
4727041;255;255;61;75;cool;on;1;0;0;F;0;0;1;0;1;1;1;1;1;1;1;0;16390;2014-11-21 08:47:34
4727061;69;75;68;78;heat;on;1;1;0;F;0;0;1;0;1;0;0;1;1;1;1;0;2764;2014-11-21 09:04:40
4729840;255;255;69;61;heat;on;1;0;0;F;0;0;0;0;1;1;1;1;1;1;1;0;16188;2014-11-20 22:00:09
4731954;62;76;61;75;cool;on;1;1;0;F;0;0;1;0;1;1;1;1;1;1;1;0;16390;2014-11-21 11:13:49
4734102;70;73;61;75;cool;on;1;1;0;F;0;0;1;0;1;1;1;1;1;1;1;0;16390;2014-11-21 16:16:33
4734481;70;83;69;61;heat;on;1;1;0;F;0;0;0;0;1;1;1;1;1;1;1;0;16188;2014-11-21 14:35:02
4734733;70;74;61;75;cool;on;1;1;0;F;0;0;1;0;1;1;1;1;1;1;1;0;16390;2014-11-21 17:39:02
4740087;255;255;69;61;heat;on;1;0;0;F;0;0;0;0;1;1;1;1;1;1;1;0;16188;2014-11-21 17:53:11
4742857;70;75;69;61;heat;on;1;1;0;F;0;0;0;0;1;1;1;1;1;1;1;0;16188;2014-11-21 21:49:34
4744259;70;75;61;75;cool;on;1;1;0;F;0;0;1;0;1;1;1;1;1;1;1;0;16390;2014-11-21 18:02:53
4744357;62;74;61;75;cool;on;1;1;0;F;0;0;1;0;1;1;1;1;1;1;1;0;16390;2014-11-22 01:05:06
4747990;62;75;61;75;cool;on;1;1;0;F;0;0;1;0;1;1;1;1;1;1;1;0;16390;2014-11-22 01:12:38
4749954;255;255;68;78;heat;on;1;0;0;F;0;0;1;0;1;0;0;1;1;1;1;0;2764;2014-11-21 11:15:06
4752512;255;255;61;75;cool;on;1;0;0;F;0;0;1;0;1;1;1;1;1;1;1;0;16390;2014-11-22 07:18:54
4752956;255;255;69;61;heat;on;1;0;0;F;0;0;0;0;1;1;1;1;1;1;1;0;16188;2014-11-21 23:40:51
4754224;255;255;72;74;heat;on;0;0;0;F;0;0;1;0;1;1;1;1;1;1;1;0;13265;2014-11-18 09:13:56
4754795;255;255;68;71;heat;on;0;0;0;F;0;0;0;0;1;1;1;1;1;1;1;0;5862;2014-11-19 15:41:41
4755616;255;255;68;78;off;on;1;0;0;F;0;0;1;0;1;0;0;1;1;1;1;0;2764;2014-11-22 08:45:17
4756008;62;75;61;75;cool;on;1;1;0;F;0;0;1;0;1;1;1;1;1;1;1;0;16390;2014-11-22 10:27:44
4756465;68;83;69;61;heat;on;1;1;0;F;0;0;0;0;1;1;1;1;1;1;1;0;16188;2014-11-22 10:48:58
4756780;62;74;61;75;cool;on;1;1;0;F;0;0;1;0;1;1;1;1;1;1;1;0;16390;2014-11-22 13:23:07
4758172;67;83;69;61;heat;on;1;1;0;F;0;0;0;0;1;1;1;1;1;1;1;0;16188;2014-11-22 13:47:20
4759227;62;73;61;75;cool;on;1;1;0;F;0;0;1;0;1;1;1;1;1;1;1;0;16390;2014-11-22 14:06:36
4760069;69;83;69;61;heat;on;1;1;0;F;0;0;0;0;1;1;1;1;1;1;1;0;16188;2014-11-22 15:23:04
4761061;70;77;61;75;cool;on;1;1;0;F;0;0;1;0;1;1;1;1;1;1;1;0;16390;2014-11-22 16:06:03
4762910;70;83;69;61;heat;on;1;1;0;F;0;0;0;0;1;1;1;1;1;1;1;0;16188;2014-11-22 16:36:26
4763588;70;76;61;75;cool;on;1;1;0;F;0;0;1;0;1;1;1;1;1;1;1;0;16390;2014-11-22 17:13:29
4764284;70;75;61;75;cool;on;1;1;0;F;0;0;1;0;1;1;1;1;1;1;1;0;16390;2014-11-22 19:06:36
4767031;255;255;61;73;cool;on;0;0;0;F;0;0;1;0;1;1;1;1;1;1;1;0;16390;2014-11-22 19:38:23
4771504;255;255;61;74;cool;on;0;0;0;F;0;0;1;0;1;1;1;1;1;1;1;0;16390;2014-11-22 21:41:37
4772501;255;255;61;75;cool;on;0;0;0;F;0;0;1;0;1;1;1;1;1;1;1;0;16390;2014-11-23 02:10:45
4772586;255;255;61;74;cool;on;0;0;0;F;0;0;1;0;1;1;1;1;1;1;1;0;16390;2014-11-23 05:01:59
4774556;255;255;66;71;heat;on;0;0;0;F;0;0;0;0;1;1;1;1;1;1;1;0;5862;2014-11-22 12:18:12
4774918;255;255;67;71;heat;on;0;0;0;F;0;0;0;0;1;1;1;1;1;1;1;0;5862;2014-11-23 07:15:21
4774925;255;255;68;71;heat;on;0;0;0;F;0;0;0;0;1;1;1;1;1;1;1;0;5862;2014-11-23 07:31:17
4774955;255;255;67;71;heat;on;0;0;0;F;0;0;0;0;1;1;1;1;1;1;1;0;5862;2014-11-23 07:31:32
4775249;255;255;66;71;heat;on;0;0;0;F;0;0;0;0;1;1;1;1;1;1;1;0;5862;2014-11-23 07:32:49
4775607;255;255;69;61;heat;on;1;0;0;F;0;0;0;0;1;1;1;1;1;1;1;0;16188;2014-11-22 18:34:11
4775674;255;255;61;73;cool;on;0;0;0;F;0;0;1;0;1;1;1;1;1;1;1;0;16390;2014-11-23 05:05:22
4778008;255;255;65;71;heat;on;0;0;0;F;0;0;0;0;1;1;1;1;1;1;1;0;5862;2014-11-23 07:45:47
4778021;255;255;64;71;heat;auto;0;0;0;F;0;0;0;0;1;1;1;1;1;1;1;0;5862;2014-11-23 09:29:43
4778807;67;75;69;61;heat;on;1;1;0;F;0;0;0;0;1;1;1;1;1;1;1;0;16188;2014-11-23 08:00:57
4780398;255;255;69;61;heat;on;1;0;0;F;0;0;0;0;1;1;1;1;1;1;1;0;16188;2014-11-23 10:00:03
4782987;67;83;69;61;heat;on;1;1;0;F;0;0;0;0;1;1;1;1;1;1;1;0;16188;2014-11-23 10:57:08
4789692;69;83;69;61;heat;on;1;1;0;F;0;0;0;0;1;1;1;1;1;1;1;0;16188;2014-11-23 12:39:50
4789879;255;255;69;61;heat;on;1;0;0;F;0;0;0;0;1;1;1;1;1;1;1;0;16188;2014-11-23 17:03:35
4792031;255;255;61;74;cool;on;0;0;0;F;0;0;1;0;1;1;1;1;1;1;1;0;16390;2014-11-23 08:02:34
4792110;67;75;69;61;heat;on;1;1;0;F;0;0;0;0;1;1;1;1;1;1;1;0;16188;2014-11-23 17:09:19
4792427;68;75;69;61;heat;on;1;1;0;F;0;0;0;0;1;1;1;1;1;1;1;0;16188;2014-11-23 18:33:49
4792864;255;255;61;73;cool;on;0;0;0;F;0;0;1;0;1;1;1;1;1;1;1;0;16390;2014-11-23 18:31:09
4793219;255;255;61;74;cool;on;0;0;0;F;0;0;1;0;1;1;1;1;1;1;1;0;16390;2014-11-23 19:01:45
4793432;255;255;66;71;heat;auto;0;0;0;F;0;0;0;0;1;1;1;1;1;1;1;0;5862;2014-11-23 09:30:12
4797284;255;255;61;73;cool;on;0;0;0;F;0;0;1;0;1;1;1;1;1;1;1;0;16390;2014-11-23 19:14:38
4797804;70;75;69;61;heat;on;1;1;0;F;0;0;0;0;1;1;1;1;1;1;1;0;16188;2014-11-23 18:46:20
4800479;255;255;61;74;cool;on;0;0;0;F;0;0;1;0;1;1;1;1;1;1;1;0;16390;2014-11-23 21:40:54
4802287;255;255;61;75;cool;on;0;0;0;F;0;0;1;0;1;1;1;1;1;1;1;0;16390;2014-11-23 23:50:11
4807450;255;255;68;78;heat;on;1;0;0;F;0;0;1;0;1;0;0;1;1;1;1;0;2764;2014-11-22 13:02:23
4807453;68;75;68;78;heat;on;1;1;0;F;0;0;1;0;1;0;0;1;1;1;1;0;2764;2014-11-24 08:36:57
4807480;67;75;68;78;heat;on;1;1;0;F;0;0;1;0;1;0;0;1;1;1;1;0;2764;2014-11-24 08:37:10
4807871;255;255;74;74;heat;on;0;0;0;F;0;0;1;0;1;1;1;1;1;1;1;0;13265;2014-11-22 11:49:53
4810252;68;75;68;78;heat;on;1;1;0;F;0;0;1;0;1;0;0;1;1;1;1;0;2764;2014-11-24 08:38:10
4820228;255;255;61;74;cool;on;0;0;0;F;0;0;1;0;1;1;1;1;1;1;1;0;16390;2014-11-24 03:42:43
4820716;255;255;61;73;cool;on;0;0;0;F;0;0;1;0;1;1;1;1;1;1;1;0;16390;2014-11-24 18:19:53
4821891;255;255;69;61;heat;on;1;0;0;F;0;0;0;0;1;1;1;1;1;1;1;0;16188;2014-11-23 22:00:08
4826884;70;75;69;61;heat;on;1;1;0;F;0;0;0;0;1;1;1;1;1;1;1;0;16188;2014-11-24 19:16:44
4829554;255;255;61;75;cool;on;0;0;0;F;0;0;1;0;1;1;1;1;1;1;1;0;16390;2014-11-24 18:38:01
4834465;255;255;64;73;off;on;0;0;0;F;0;0;1;0;1;1;1;1;1;1;1;0;2693;2014-11-20 06:58:47
4834558;255;255;61;74;cool;on;0;0;0;F;0;0;1;0;1;1;1;1;1;1;1;0;16390;2014-11-24 23:50:47
4834712;255;255;76;73;heat;on;0;0;0;F;0;0;1;0;1;1;1;1;1;1;1;0;2693;2014-11-25 06:53:31
4837812;255;255;70;85;heat;on;1;0;0;F;0;0;0;0;1;1;1;1;1;1;1;0;15320;2014-11-21 07:15:38
4837921;255;255;68;78;heat;on;1;0;0;F;0;0;1;0;1;0;0;1;1;1;1;0;2764;2014-11-24 10:38:13
4840309;68;75;68;78;heat;on;1;1;0;F;0;0;1;0;1;0;0;1;1;1;1;0;2764;2014-11-25 09:06:22
4841637;69;83;70;85;heat;on;1;1;0;F;0;0;0;0;1;1;1;1;1;1;1;0;15320;2014-11-25 09:01:59
4849375;255;255;69;61;heat;on;1;0;0;F;0;0;0;0;1;1;1;1;1;1;1;0;16188;2014-11-24 22:02:50
4849477;70;75;69;61;heat;on;1;1;0;F;0;0;0;0;1;1;1;1;1;1;1;0;16188;2014-11-25 18:09:23
4850391;255;255;61;77;cool;on;0;0;0;F;0;0;1;0;1;1;1;1;1;1;1;0;16390;2014-11-25 06:57:32
4850489;255;255;61;74;cool;on;0;0;0;F;0;0;1;0;1;1;1;1;1;1;1;0;16390;2014-11-25 18:48:32
4851287;255;255;61;73;cool;on;0;0;0;F;0;0;1;0;1;1;1;1;1;1;1;0;16390;2014-11-25 18:51:46
4853173;69;75;69;61;heat;on;1;1;0;F;0;0;0;0;1;1;1;1;1;1;1;0;16188;2014-11-25 18:12:54
4855664;255;255;61;74;cool;on;0;0;0;F;0;0;1;0;1;1;1;1;1;1;1;0;16390;2014-11-25 19:17:56
4857233;70;75;69;61;heat;on;1;1;0;F;0;0;0;0;1;1;1;1;1;1;1;0;16188;2014-11-25 20:24:31
4858390;255;255;61;75;cool;on;0;0;0;F;0;0;1;0;1;1;1;1;1;1;1;0;16390;2014-11-25 21:42:32
4858780;255;255;61;76;cool;on;0;0;0;F;0;0;1;0;1;1;1;1;1;1;1;0;16390;2014-11-25 23:02:09
4861422;255;255;61;75;cool;on;0;0;0;F;0;0;1;0;1;1;1;1;1;1;1;0;16390;2014-11-25 23:19:31
4863078;255;255;61;74;cool;on;0;0;0;F;0;0;1;0;1;1;1;1;1;1;1;0;16390;2014-11-26 02:53:33
4863214;64;83;70;85;heat;on;1;1;0;F;0;0;0;0;1;1;1;1;1;1;1;0;15320;2014-11-25 12:38:19
4863537;255;255;76;73;off;on;0;0;0;F;0;0;1;0;1;1;1;1;1;1;1;0;2693;2014-11-25 07:02:29
4863557;255;255;76;73;heat;on;0;0;0;F;0;0;1;0;1;1;1;1;1;1;1;0;2693;2014-11-26 06:33:45
4864262;255;255;61;75;cool;on;0;0;0;F;0;0;1;0;1;1;1;1;1;1;1;0;16390;2014-11-26 06:13:11
4864465;255;255;77;73;heat;on;0;0;0;F;0;0;1;0;1;1;1;1;1;1;1;0;2693;2014-11-26 06:34:59
4866669;255;255;70;74;heat;on;0;0;0;F;0;0;1;0;1;1;1;1;1;1;1;0;13265;2014-11-24 08:54:23
4868758;255;255;69;61;heat;on;1;0;0;F;0;0;0;0;1;1;1;1;1;1;1;0;16188;2014-11-25 22:24:07
4869382;255;255;61;76;cool;on;0;0;0;F;0;0;1;0;1;1;1;1;1;1;1;0;16390;2014-11-26 07:05:56
4869451;255;255;61;74;cool;on;0;0;0;F;0;0;1;0;1;1;1;1;1;1;1;0;16390;2014-11-26 10:53:46
4869945;255;255;68;78;heat;on;1;0;0;F;0;0;1;0;1;0;0;1;1;1;1;0;2764;2014-11-25 11:06:26
4869997;70;83;69;61;heat;on;1;1;0;F;0;0;0;0;1;1;1;1;1;1;1;0;16188;2014-11-26 10:21:19
4874221;255;255;61;73;cool;on;0;0;0;F;0;0;1;0;1;1;1;1;1;1;1;0;16390;2014-11-26 10:57:16
4876343;69;83;69;61;heat;on;1;1;0;F;0;0;0;0;1;1;1;1;1;1;1;0;16188;2014-11-26 11:27:57
4877444;255;255;61;75;cool;on;0;0;0;F;0;0;1;0;1;1;1;1;1;1;1;0;16390;2014-11-26 15:36:09
4880806;255;255;61;73;cool;on;0;0;0;F;0;0;1;0;1;1;1;1;1;1;1;0;16390;2014-11-26 17:40:54
4883951;255;255;69;61;heat;on;1;0;0;F;0;0;0;0;1;1;1;1;1;1;1;0;16188;2014-11-26 17:04:14
4884403;255;255;61;74;cool;on;0;0;0;F;0;0;1;0;1;1;1;1;1;1;1;0;16390;2014-11-26 19:51:08
4887485;62;83;68;78;heat;on;1;1;0;F;0;0;1;0;1;0;0;1;1;1;1;0;2764;2014-11-26 11:24:20
4887526;70;75;69;61;heat;on;1;1;0;F;0;0;0;0;1;1;1;1;1;1;1;0;16188;2014-11-26 21:38:23
4899260;255;255;62;74;heat;on;1;0;1;F;0;0;1;0;1;0;1;1;1;1;1;1;1106;2014-11-19 06:00:09
4901060;67;74;62;74;heat;on;1;1;1;F;0;0;1;0;1;0;1;1;1;1;1;1;1106;2014-11-27 10:35:32
4902962;255;255;61;73;cool;on;0;0;0;F;0;0;1;0;1;1;1;1;1;1;1;0;16390;2014-11-26 21:53:01
4903009;255;255;66;71;heat;on;0;0;0;F;0;0;0;0;1;1;1;1;1;1;1;0;5862;2014-11-23 19:23:44
4903447;255;255;61;71;cool;on;0;0;0;F;0;0;1;0;1;1;1;1;1;1;1;0;16390;2014-11-27 13:10:53
4904533;255;255;61;70;cool;on;0;0;0;F;0;0;1;0;1;1;1;1;1;1;1;0;16390;2014-11-27 13:35:25
4904685;255;255;61;72;cool;on;0;0;0;F;0;0;1;0;1;1;1;1;1;1;1;0;16390;2014-11-27 14:23:34
4906243;65;74;62;74;heat;on;1;1;1;F;0;0;1;0;1;0;1;1;1;1;1;1;1106;2014-11-27 11:43:20
4906368;255;255;61;70;cool;on;0;0;0;F;0;0;1;0;1;1;1;1;1;1;1;0;16390;2014-11-27 14:30:31
4906407;255;255;69;61;heat;on;1;0;0;F;0;0;0;0;1;1;1;1;1;1;1;0;16188;2014-11-26 23:38:36
4909986;70;83;69;61;heat;on;1;1;0;F;0;0;0;0;1;1;1;1;1;1;1;0;16188;2014-11-27 15:53:01
4912187;255;255;69;61;heat;on;1;0;0;F;0;0;0;0;1;1;1;1;1;1;1;0;16188;2014-11-27 18:00:35
4915991;70;75;69;61;heat;on;1;1;0;F;0;0;0;0;1;1;1;1;1;1;1;0;16188;2014-11-27 19:34:50
4918177;255;255;69;61;heat;on;1;0;0;F;0;0;0;0;1;1;1;1;1;1;1;0;16188;2014-11-27 22:00:05
4918398;66;78;69;61;heat;on;1;1;0;F;0;0;0;0;1;1;1;1;1;1;1;0;16188;2014-11-27 23:09:30
4918800;69;78;69;61;heat;on;1;1;0;F;0;0;0;0;1;1;1;1;1;1;1;0;16188;2014-11-27 23:18:33
4923321;64;78;69;61;heat;on;1;1;0;F;0;0;0;0;1;1;1;1;1;1;1;0;16188;2014-11-27 23:37:45
4929807;255;255;69;61;heat;on;1;0;0;F;0;0;0;0;1;1;1;1;1;1;1;0;16188;2014-11-28 06:07:25
4932461;68;83;69;61;heat;on;1;1;0;F;0;0;0;0;1;1;1;1;1;1;1;0;16188;2014-11-28 10:19:00
4932483;255;255;72;74;heat;on;0;0;0;F;0;0;1;0;1;1;1;1;1;1;1;0;13265;2014-11-26 08:46:34
4935666;255;255;62;74;heat;on;1;0;1;F;0;0;1;0;1;0;1;1;1;1;1;1;1106;2014-11-27 15:46:04
4936492;69;83;69;61;heat;on;1;1;0;F;0;0;0;0;1;1;1;1;1;1;1;0;16188;2014-11-28 12:14:53
4938815;67;74;62;74;heat;on;1;1;1;F;0;0;1;0;1;0;1;1;1;1;1;1;1106;2014-11-28 14:54:51
4940249;70;83;69;61;heat;on;1;1;0;F;0;0;0;0;1;1;1;1;1;1;1;0;16188;2014-11-28 15:30:14
4951389;255;255;62;74;heat;on;1;0;1;F;0;0;1;0;1;0;1;1;1;1;1;1;1106;2014-11-28 16:54:52
4954057;67;73;62;74;heat;on;1;1;1;F;0;0;1;0;1;0;1;1;1;1;1;1;1106;2014-11-29 03:14:02
4958244;255;255;61;76;cool;on;0;0;0;F;0;0;1;0;1;1;1;1;1;1;1;0;16390;2014-11-27 15:51:15
4968169;255;255;69;61;heat;on;1;0;0;F;0;0;0;0;1;1;1;1;1;1;1;0;16188;2014-11-28 17:37:23
4968170;68;83;69;61;heat;on;1;1;0;F;0;0;0;0;1;1;1;1;1;1;1;0;16188;2014-11-29 16:36:00
4970583;67;83;69;61;heat;on;1;1;0;F;0;0;0;0;1;1;1;1;1;1;1;0;16188;2014-11-29 16:36:02
4977026;69;75;69;61;heat;on;1;1;0;F;0;0;0;0;1;1;1;1;1;1;1;0;16188;2014-11-29 18:03:13
4981229;255;255;61;74;cool;on;0;0;0;F;0;0;1;0;1;1;1;1;1;1;1;0;16390;2014-11-29 09:39:03
4986966;255;255;67;71;heat;on;0;0;0;F;0;0;0;0;1;1;1;1;1;1;1;0;5862;2014-11-27 13:13:15
4988272;255;255;74;74;heat;on;0;0;0;F;0;0;1;0;1;1;1;1;1;1;1;0;13265;2014-11-28 12:15:53
4992537;255;255;69;61;heat;on;1;0;0;F;0;0;0;0;1;1;1;1;1;1;1;0;16188;2014-11-29 22:04:36
4994655;255;255;68;78;heat;on;1;0;0;F;0;0;1;0;1;0;0;1;1;1;1;0;2764;2014-11-26 23:36:36
4994659;68;83;68;78;heat;on;1;1;0;F;0;0;1;0;1;0;0;1;1;1;1;0;2764;2014-11-30 13:55:12
4996220;68;83;69;61;heat;on;1;1;0;F;0;0;0;0;1;1;1;1;1;1;1;0;16188;2014-11-30 12:25:56
4997255;69;83;68;78;heat;on;1;1;0;F;0;0;1;0;1;0;0;1;1;1;1;0;2764;2014-11-30 13:55:20
4999880;69;83;69;61;heat;on;1;1;0;F;0;0;0;0;1;1;1;1;1;1;1;0;16188;2014-11-30 15:08:23
5000985;255;255;66;71;heat;on;0;0;0;F;0;0;0;0;1;1;1;1;1;1;1;0;5862;2014-11-30 08:48:00
5007118;255;255;77;73;off;on;0;0;0;F;0;0;1;0;1;1;1;1;1;1;1;0;2693;2014-11-26 07:15:04
5007119;255;255;77;73;cool;on;0;0;0;F;0;0;1;0;1;1;1;1;1;1;1;0;2693;2014-11-30 21:07:45
5016304;255;255;77;70;cool;on;0;0;0;F;0;0;1;0;1;1;1;1;1;1;1;0;2693;2014-11-30 21:07:49
5018987;255;255;61;73;cool;on;0;0;0;F;0;0;1;0;1;1;1;1;1;1;1;0;16390;2014-11-30 01:29:07
5019701;255;255;61;75;cool;on;0;0;0;F;0;0;1;0;1;1;1;1;1;1;1;0;16390;2014-12-01 08:22:00
5021685;255;255;70;74;heat;on;0;0;0;F;0;0;1;0;1;1;1;1;1;1;1;0;13265;2014-11-30 09:36:19
5022612;255;255;68;78;heat;on;1;0;0;F;0;0;1;0;1;0;0;1;1;1;1;0;2764;2014-11-30 15:56:05
5024462;255;255;61;73;cool;on;0;0;0;F;0;0;1;0;1;1;1;1;1;1;1;0;16390;2014-12-01 08:51:55
5024917;60;83;68;78;heat;on;1;1;0;F;0;0;1;0;1;0;0;1;1;1;1;0;2764;2014-12-01 11:12:06
5025587;255;255;61;75;cool;on;0;0;0;F;0;0;1;0;1;1;1;1;1;1;1;0;16390;2014-12-01 13:13:55
5026259;69;83;68;78;heat;on;1;1;0;F;0;0;1;0;1;0;0;1;1;1;1;0;2764;2014-12-01 13:45:21
5028785;255;255;61;76;cool;on;0;0;0;F;0;0;1;0;1;1;1;1;1;1;1;0;16390;2014-12-01 14:29:30
5034131;255;255;61;77;cool;on;0;0;0;F;0;0;1;0;1;1;1;1;1;1;1;0;16390;2014-12-01 16:37:11
5035500;255;255;61;75;cool;on;0;0;0;F;0;0;1;0;1;1;1;1;1;1;1;0;16390;2014-12-01 19:15:15
5038369;255;255;77;70;off;on;0;0;0;F;0;0;1;0;1;1;1;1;1;1;1;0;2693;2014-12-01 06:42:22
5038370;255;255;67;70;heat;on;0;0;0;F;0;0;1;0;1;1;1;1;1;1;1;0;2693;2014-12-01 21:22:42
5038632;255;255;68;70;heat;on;0;0;0;F;0;0;1;0;1;1;1;1;1;1;1;0;2693;2014-12-01 21:22:49
5038649;255;255;67;70;heat;on;0;0;0;F;0;0;1;0;1;1;1;1;1;1;1;0;2693;2014-12-01 21:30:58
5041506;255;255;65;70;heat;on;0;0;0;F;0;0;1;0;1;1;1;1;1;1;1;0;2693;2014-12-01 21:31:22
5042442;68;83;68;78;heat;on;1;1;0;F;0;0;1;0;1;0;0;1;1;1;1;0;2764;2014-12-01 15:09:47
5043626;255;255;64;70;heat;on;0;0;0;F;0;0;1;0;1;1;1;1;1;1;1;0;2693;2014-12-01 22:51:14
5044499;255;255;61;74;cool;on;0;0;0;F;0;0;1;0;1;1;1;1;1;1;1;0;16390;2014-12-01 20:00:09
5047658;255;255;61;75;cool;on;0;0;0;F;0;0;1;0;1;1;1;1;1;1;1;0;16390;2014-12-02 02:22:43
5047966;255;255;63;70;heat;on;0;0;0;F;0;0;1;0;1;1;1;1;1;1;1;0;2693;2014-12-02 00:40:59
5048508;255;255;65;70;heat;on;0;0;0;F;0;0;1;0;1;1;1;1;1;1;1;0;2693;2014-12-02 06:18:20
5052260;255;255;61;73;cool;on;0;0;0;F;0;0;1;0;1;1;1;1;1;1;1;0;16390;2014-12-02 06:07:26
5053282;255;255;72;74;heat;on;0;0;0;F;0;0;1;0;1;1;1;1;1;1;1;0;13265;2014-12-01 10:22:56
5053283;255;255;73;74;heat;on;0;0;0;F;0;0;1;0;1;1;1;1;1;1;1;0;13265;2014-12-02 09:11:30
5053389;255;255;72;74;heat;on;0;0;0;F;0;0;1;0;1;1;1;1;1;1;1;0;13265;2014-12-02 09:11:32
5056085;255;255;68;78;heat;on;1;0;0;F;0;0;1;0;1;0;0;1;1;1;1;0;2764;2014-12-01 23:30:07
5065136;255;255;61;76;cool;on;0;0;0;F;0;0;1;0;1;1;1;1;1;1;1;0;16390;2014-12-02 08:35:21
5065191;255;255;61;75;cool;on;0;0;0;F;0;0;1;0;1;1;1;1;1;1;1;0;16390;2014-12-02 17:28:20
5069825;255;255;61;74;cool;on;0;0;0;F;0;0;1;0;1;1;1;1;1;1;1;0;16390;2014-12-02 17:29:53
5070308;255;255;65;70;off;on;0;0;0;F;0;0;1;0;1;1;1;1;1;1;1;0;2693;2014-12-02 06:35:39
5072499;255;255;61;75;cool;on;0;0;0;F;0;0;1;0;1;1;1;1;1;1;1;0;16390;2014-12-02 19:51:19
5072588;255;255;61;73;cool;on;0;0;0;F;0;0;1;0;1;1;1;1;1;1;1;0;16390;2014-12-02 21:05:55
5072715;255;255;65;70;heat;on;0;0;0;F;0;0;1;0;1;1;1;1;1;1;1;0;2693;2014-12-02 20:06:39
5074676;255;255;61;74;cool;on;0;0;0;F;0;0;1;0;1;1;1;1;1;1;1;0;16390;2014-12-02 21:07:52
5076459;255;255;61;75;cool;on;0;0;0;F;0;0;1;0;1;1;1;1;1;1;1;0;16390;2014-12-02 22:05:00
5077041;69;83;68;78;heat;on;1;1;0;F;0;0;1;0;1;0;0;1;1;1;1;0;2764;2014-12-02 11:18:19
5078509;255;255;61;74;cool;on;0;0;0;F;0;0;1;0;1;1;1;1;1;1;1;0;16390;2014-12-02 23:04:46
5081606;255;255;65;70;off;on;0;0;0;F;0;0;1;0;1;1;1;1;1;1;1;0;2693;2014-12-02 21:11:49
5082558;255;255;65;70;heat;on;0;0;0;F;0;0;1;0;1;1;1;1;1;1;1;0;2693;2014-12-03 06:15:09
5083777;255;255;61;75;cool;on;0;0;0;F;0;0;1;0;1;1;1;1;1;1;1;0;16390;2014-12-03 01:08:04
5085204;255;255;61;76;cool;on;0;0;0;F;0;0;1;0;1;1;1;1;1;1;1;0;16390;2014-12-03 07:39:36
5088664;255;255;61;75;cool;on;0;0;0;F;0;0;1;0;1;1;1;1;1;1;1;0;16390;2014-12-03 08:37:40
5090735;255;255;68;78;heat;on;1;0;0;F;0;0;1;0;1;0;0;1;1;1;1;0;2764;2014-12-02 23:30:35
5091505;255;255;66;71;heat;auto;0;0;0;F;0;0;0;0;1;1;1;1;1;1;1;0;5862;2014-11-30 17:44:16
5092165;255;255;61;76;cool;on;0;0;0;F;0;0;1;0;1;1;1;1;1;1;1;0;16390;2014-12-03 11:51:24
5093042;255;255;69;61;heat;on;1;0;0;F;0;0;0;0;1;1;1;1;1;1;1;0;16188;2014-11-30 17:09:07
5096307;255;255;61;75;cool;on;0;0;0;F;0;0;1;0;1;1;1;1;1;1;1;0;16390;2014-12-03 15:48:12
5096484;70;83;69;61;heat;on;1;1;0;F;0;0;0;0;1;1;1;1;1;1;1;0;16188;2014-12-03 16:18:30
5097035;255;255;61;74;cool;on;0;0;0;F;0;0;1;0;1;1;1;1;1;1;1;0;16390;2014-12-03 18:19:35
5101851;255;255;61;73;cool;on;0;0;0;F;0;0;1;0;1;1;1;1;1;1;1;0;16390;2014-12-03 18:48:12
5104368;69;83;68;78;heat;on;1;1;0;F;0;0;1;0;1;0;0;1;1;1;1;0;2764;2014-12-03 14:18:50
5104548;255;255;61;75;cool;on;0;0;0;F;0;0;1;0;1;1;1;1;1;1;1;0;16390;2014-12-03 21:54:31
5106087;255;255;61;74;cool;on;0;0;0;F;0;0;1;0;1;1;1;1;1;1;1;0;16390;2014-12-03 23:46:06
5109316;255;255;61;76;cool;on;0;0;0;F;0;0;1;0;1;1;1;1;1;1;1;0;16390;2014-12-04 02:47:20
5118704;255;255;61;77;cool;on;0;0;0;F;0;0;1;0;1;1;1;1;1;1;1;0;16390;2014-12-04 07:20:44
5122498;255;255;61;75;cool;on;0;0;0;F;0;0;1;0;1;1;1;1;1;1;1;0;16390;2014-12-04 16:03:28
5123442;255;255;61;76;cool;on;0;0;0;F;0;0;1;0;1;1;1;1;1;1;1;0;16390;2014-12-04 18:08:10
5125434;255;255;61;75;cool;on;0;0;0;F;0;0;1;0;1;1;1;1;1;1;1;0;16390;2014-12-04 18:46:23
5126513;255;255;61;74;cool;on;0;0;0;F;0;0;1;0;1;1;1;1;1;1;1;0;16390;2014-12-04 20:03:58
5126875;255;255;65;70;off;on;0;0;0;F;0;0;1;0;1;1;1;1;1;1;1;0;2693;2014-12-03 06:54:15
5129979;255;255;65;70;off;auto;0;0;0;F;0;0;1;0;1;1;1;1;1;1;1;0;2693;2014-12-04 20:58:17
5130566;255;255;61;73;cool;on;0;0;0;F;0;0;1;0;1;1;1;1;1;1;1;0;16390;2014-12-04 20:44:25
5136132;255;255;61;75;cool;on;0;0;0;F;0;0;1;0;1;1;1;1;1;1;1;0;16390;2014-12-04 22:50:39
5136975;255;255;61;76;cool;on;0;0;0;F;0;0;1;0;1;1;1;1;1;1;1;0;16390;2014-12-05 07:33:47
5138510;255;255;73;74;heat;on;0;0;0;F;0;0;1;0;1;1;1;1;1;1;1;0;13265;2014-12-02 09:15:00
5139137;255;255;61;75;cool;on;0;0;0;F;0;0;1;0;1;1;1;1;1;1;1;0;16390;2014-12-05 08:19:01
5140111;255;255;72;74;heat;on;0;0;0;F;0;0;1;0;1;1;1;1;1;1;1;0;13265;2014-12-05 09:40:26
